id;id_kab;kabupaten;id_kec;kecamatan;id_desa;desa;tahun;strata_desa_22;total_pend;total_lk;total_pr;pendatang;pend_pergi;total_kk;total_kkp;total_kkmis;total_by;total_balita;total_rmj;total_dw1;total_dw2;total_lansia;petani_lk;petani_pr;nelayan_lk;nelayan_pr;buruh_tani_lk;buruh_tani_pr;buruh_pabrik_lk;buruh_pabrik_pr;pns_lk;pns_pr;swasta_lk;swasta_pr;wiraswasta_lk;wiraswasta_pr;tni_lk;tni_pr;polri_lk;polri_pr;dokter_lk;dokter_pr;bidan;perawat_lk;perawat_pr;pekerja_lain_lk;pekerja_lain_pr;pekerja_lain;pbk_lk;pbk_pr
24471;3210;KAB. MAJALENGKA;321001;LEMAHSUGIH;3210012001;CIPASUNG;2023;MANDIRI;2181;1084;1097;8;12;796;45;510;56;219;372;780;636;118;480;145;0;0;560;150;4;5;5;8;20;15;210;50;0;0;0;0;0;0;1;1;1;15;10;15;10;25
24472;3210;KAB. MAJALENGKA;321001;LEMAHSUGIH;3210012002;BANGBAYANG;2023;MANDIRI;2322;1135;1187;10;86;794;225;414;65;154;424;904;636;139;368;112;0;0;127;117;43;32;3;2;0;0;0;0;0;0;0;0;0;0;0;0;0;0;0;0;0;0
24473;3210;KAB. MAJALENGKA;321001;LEMAHSUGIH;3210012003;BOROGOJOL;2023;MANDIRI;3540;1830;1710;177;106;1106;161;821;42;323;592;1279;889;415;402;154;0;0;162;136;7;8;5;5;30;26;640;47;0;0;0;0;0;0;1;1;1;24;8;24;8;32
24474;3210;KAB. MAJALENGKA;321001;LEMAHSUGIH;3210012004;CIBULAN;2023;MANDIRI;1513;777;736;20;8;492;38;245;25;120;304;303;655;131;93;7;0;0;8;0;5;5;6;7;12;5;199;30;1;0;0;0;0;0;3;1;3;600;437;600;437;1037
24475;3210;KAB. MAJALENGKA;321001;LEMAHSUGIH;3210012005;LEMAHPUTIH;2023;MANDIRI;4158;2006;2152;34;73;1301;173;577;71;167;629;1548;632;1111;420;101;0;0;30;25;15;8;35;30;75;40;120;99;2;0;2;0;0;0;1;3;0;60;58;60;58;118
24476;3210;KAB. MAJALENGKA;321001;LEMAHSUGIH;3210012006;SADAWANGI;2023;MANDIRI;4324;2222;2102;7;9;1344;137;780;84;187;714;1807;1113;408;342;89;0;0;491;234;67;34;8;6;33;41;1318;1153;0;0;3;0;0;0;8;1;1;92;79;92;79;171
24477;3210;KAB. MAJALENGKA;321001;LEMAHSUGIH;3210012007;KEPUH;2023;MAJU;3847;2020;1827;30;6;1101;156;593;47;370;874;952;951;627;804;250;0;0;636;356;25;15;47;17;45;25;57;26;0;0;3;0;0;0;3;3;1;32;20;32;20;52
24478;3210;KAB. MAJALENGKA;321001;LEMAHSUGIH;3210012008;PADAREK;2023;MANDIRI;5525;2832;2693;22;30;2026;333;672;95;382;1221;1676;1423;728;985;60;0;0;579;612;0;0;39;28;0;0;1304;55;0;0;0;0;0;0;0;0;0;1742;1160;1742;1160;2902
24479;3210;KAB. MAJALENGKA;321001;LEMAHSUGIH;3210012009;KALAPADUA;2023;MANDIRI;3933;2001;1932;3;2;1124;252;570;75;120;224;2437;654;35;876;67;0;0;355;134;79;102;31;15;12;8;309;14;2;0;1;0;0;2;9;2;2;3;3;3;3;6
24480;3210;KAB. MAJALENGKA;321001;LEMAHSUGIH;3210012010;CIGALEUH;2023;MANDIRI;3943;2036;1907;0;0;1200;150;605;80;250;393;1501;1001;618;502;301;0;0;650;450;100;78;40;23;10;0;400;391;5;0;2;0;1;1;2;1;0;0;0;0;0;0
24481;3210;KAB. MAJALENGKA;321001;LEMAHSUGIH;3210012011;MARGAJAYA;2023;MANDIRI;4968;2540;2428;5;61;1481;220;587;54;347;783;1434;2024;326;903;167;0;0;403;320;197;51;31;4;14;1;986;0;0;0;1;0;0;0;3;0;3;305;260;305;260;565
24482;3210;KAB. MAJALENGKA;321001;LEMAHSUGIH;3210012012;SUKAJADI;2023;MANDIRI;3226;1679;1547;48;25;1093;235;546;99;145;643;1429;85;57;1068;0;0;0;120;30;50;0;6;4;20;20;150;35;0;0;0;0;0;0;1;0;1;45;32;45;32;77
24483;3210;KAB. MAJALENGKA;321001;LEMAHSUGIH;3210012013;MEKARWANGI;2023;MANDIRI;4403;2251;2152;8;4;1277;132;624;42;303;965;1621;1068;381;502;45;0;0;241;97;92;106;14;2;46;32;684;172;0;0;0;0;0;0;2;2;2;0;0;0;0;0
24484;3210;KAB. MAJALENGKA;321001;LEMAHSUGIH;3210012014;SINARGALIH;2023;MANDIRI;5869;3062;2807;23;37;1663;211;717;116;358;1235;2456;1472;232;62;21;0;0;1015;297;852;210;10;8;46;53;603;56;2;0;1;0;0;0;2;0;1;807;128;807;128;935
24485;3210;KAB. MAJALENGKA;321001;LEMAHSUGIH;3210012015;MEKARMULYA;2023;MANDIRI;3429;1766;1663;40;57;1094;123;536;58;338;573;2074;271;115;610;42;0;0;421;252;34;46;25;13;9;4;452;23;3;0;1;0;0;1;7;2;2;466;112;466;112;578
24486;3210;KAB. MAJALENGKA;321001;LEMAHSUGIH;3210012016;SUKAMAJU;2023;MANDIRI;2270;1130;1140;29;46;763;78;397;76;100;385;712;698;299;440;20;0;0;34;220;0;0;4;1;0;0;325;9;0;0;0;0;0;0;2;1;0;508;60;508;60;568
24487;3210;KAB. MAJALENGKA;321001;LEMAHSUGIH;3210012017;CISALAK;2023;MANDIRI;1799;916;883;1;17;605;93;358;11;97;257;661;542;194;138;196;0;0;138;196;5;3;10;8;21;9;149;42;0;0;0;0;0;0;3;1;2;408;480;408;480;888
24488;3210;KAB. MAJALENGKA;321001;LEMAHSUGIH;3210012018;DAYEUHWANGI;2023;MAJU;2812;1411;1401;21;18;872;21;482;225;262;325;547;876;45;300;148;0;0;520;221;15;12;5;4;50;30;112;64;0;0;0;0;0;0;1;0;1;20;7;20;7;27
24489;3210;KAB. MAJALENGKA;321001;LEMAHSUGIH;3210012019;LEMAHSUGIH;2023;MANDIRI;2859;1425;1434;8;2;884;121;364;8;75;489;1163;889;235;16;0;0;0;31;3;0;0;5;1;7;5;117;45;1;0;0;0;0;0;0;0;0;0;0;0;0;0
24490;3210;KAB. MAJALENGKA;321002;BANTARUJEG;3210022002;CIPEUNDEUY;2023;MAJU;3829;1965;1864;3;2;1139;210;431;55;153;580;1393;940;708;180;42;0;0;94;27;0;0;55;66;30;7;661;51;0;0;1;0;0;0;1;2;0;1130;1482;1130;1482;2612
24491;3210;KAB. MAJALENGKA;321002;BANTARUJEG;3210022008;CIMANGGUHILIR;2023;MAJU;5084;2633;2451;6;9;1629;237;944;85;214;692;2417;1155;521;406;77;0;0;130;10;35;10;4;2;7;4;611;10;1;0;0;0;0;0;1;0;1;1385;905;1385;905;2290
24492;3210;KAB. MAJALENGKA;321002;BANTARUJEG;3210022009;SALAWANGI;2023;MAJU;3895;1928;1967;25;22;1316;229;650;84;206;666;1270;1297;372;219;113;0;0;342;91;15;13;12;13;24;12;370;152;1;0;1;0;0;0;3;0;0;24;17;24;17;41
24493;3210;KAB. MAJALENGKA;321002;BANTARUJEG;3210022010;BANTARUJEG;2023;MANDIRI;3781;1910;1871;4;23;1297;275;279;46;169;592;1430;1031;548;455;170;0;0;241;196;17;0;27;19;24;14;320;147;3;0;4;1;2;2;6;4;3;4;1;4;1;5
24494;3210;KAB. MAJALENGKA;321002;BANTARUJEG;3210022011;GUNUNGLARANG;2023;MAJU;4733;2215;2518;14;17;1615;30;1121;72;253;725;1700;1548;435;1600;1380;0;0;157;60;20;15;24;4;10;5;100;300;1;0;1;0;0;0;0;1;1;0;0;0;0;0
24495;3210;KAB. MAJALENGKA;321002;BANTARUJEG;3210022012;CIKIDANG;2023;MAJU;3065;1316;1749;5;3;1171;50;396;18;73;182;394;78;79;890;695;0;0;360;300;23;16;27;23;3;3;367;382;2;0;6;0;1;0;1;4;6;0;0;0;0;0
24496;3210;KAB. MAJALENGKA;321002;BANTARUJEG;3210022013;CINAMBO;2023;BERKEMBANG;2028;962;1066;16;10;748;167;452;20;110;262;710;644;278;194;214;0;0;15;8;10;9;10;12;30;12;309;43;0;0;0;0;0;0;0;3;1;301;774;301;774;1075
24497;3210;KAB. MAJALENGKA;321002;BANTARUJEG;3210022014;HAURGEULIS;2023;MAJU;1406;709;697;8;9;485;76;165;15;68;204;487;463;181;280;40;0;0;0;0;0;0;16;7;6;12;81;6;0;0;0;0;1;0;1;0;0;13;13;13;13;26
24498;3210;KAB. MAJALENGKA;321002;BANTARUJEG;3210022015;SUKAMENAK;2023;BERKEMBANG;3562;1794;1768;25;38;1251;150;195;93;204;282;1141;908;459;707;50;0;0;347;0;21;0;65;19;87;0;36;25;0;0;1;0;0;0;7;3;2;0;1;0;1;1
24499;3210;KAB. MAJALENGKA;321002;BANTARUJEG;3210022016;WADOWETAN;2023;MAJU;3602;1831;1771;0;6;1177;245;0;50;195;487;1402;1158;310;251;121;0;0;20;17;2;0;14;6;29;20;353;239;3;0;0;0;0;0;0;0;0;1182;1440;1182;1440;2622
24500;3210;KAB. MAJALENGKA;321002;BANTARUJEG;3210022017;BABAKANSARI;2023;MAJU;5164;2531;2633;14;3;1641;30;761;19;207;969;3869;83;0;2597;52;0;0;834;17;0;12;89;138;400;105;200;135;3;0;3;0;0;0;6;5;3;0;0;0;0;0
24501;3210;KAB. MAJALENGKA;321002;BANTARUJEG;3210022018;SILIHWANGI;2023;MAJU;4953;2493;2460;19;17;1614;120;782;28;208;766;1871;1595;481;547;10;0;0;100;33;30;20;15;10;25;20;530;230;2;0;1;0;0;0;2;0;0;162;0;162;0;162
24502;3210;KAB. MAJALENGKA;321002;BANTARUJEG;3210022022;SINDANGHURIP;2023;MAJU;3028;1571;1457;17;15;972;108;0;73;105;900;1300;600;300;325;120;0;0;105;85;15;8;21;8;4;2;210;90;0;0;1;0;0;0;1;1;3;204;189;204;189;393
24503;3210;KAB. MAJALENGKA;321003;CIKIJING;3210032001;SUKASARI;2023;MAJU;5654;2891;2763;65;46;1685;118;934;52;347;882;2246;1542;559;454;78;0;0;90;75;30;45;55;37;15;8;170;106;0;0;3;0;0;0;1;1;1;186;139;186;139;325
24504;3210;KAB. MAJALENGKA;321003;CIKIJING;3210032002;CISOKA;2023;MAJU;2343;1186;1157;6;3;863;170;440;58;134;829;759;660;469;267;26;0;0;35;18;10;15;34;18;39;12;144;5;0;0;0;0;1;0;0;5;3;103;86;103;86;189
24505;3210;KAB. MAJALENGKA;321003;CIKIJING;3210032003;SINDANGPANJI;2023;MAJU;5343;2685;2658;13;6;1742;232;891;91;225;802;1964;1769;492;136;78;0;0;89;24;29;5;25;21;27;19;1064;184;0;0;0;0;1;1;2;6;2;1307;2326;1307;2326;3633
24506;3210;KAB. MAJALENGKA;321003;CIKIJING;3210032004;CIKIJING;2023;MANDIRI;8815;4518;4297;25;57;2636;495;625;0;170;1485;3635;2874;822;785;67;0;0;181;42;0;0;47;50;1837;453;1615;515;2;0;4;0;1;1;6;5;6;693;265;693;265;958
24507;3210;KAB. MAJALENGKA;321003;CIKIJING;3210032005;SINDANG;2023;MAJU;6326;3199;3127;27;32;2153;266;320;89;303;1158;2639;1704;372;1993;1259;0;0;1570;5;13;22;62;17;10;5;854;440;2;0;0;0;0;0;2;0;5;113;78;113;78;191
24508;3210;KAB. MAJALENGKA;321003;CIKIJING;3210032006;BANJARANSARI;2023;MANDIRI;6726;3447;3279;257;325;2034;125;918;136;428;1232;2678;1596;656;1263;1026;0;0;173;55;72;79;44;26;82;77;273;155;0;0;2;0;3;1;2;1;4;0;0;0;0;0
24509;3210;KAB. MAJALENGKA;321003;CIKIJING;3210032007;KASTURI;2023;MANDIRI;5247;2638;2609;33;83;1610;230;456;65;303;909;1996;1630;353;106;3;0;0;136;1;0;0;42;43;438;112;1531;17;3;0;0;0;0;1;3;3;2;264;16;264;16;280
24510;3210;KAB. MAJALENGKA;321003;CIKIJING;3210032008;CIDULANG;2023;MAJU;7427;3785;3642;204;180;2203;128;485;121;416;1605;2188;2254;1185;523;152;0;0;500;300;150;25;65;30;105;60;650;350;0;0;1;1;2;0;2;1;17;150;125;150;125;275
24511;3210;KAB. MAJALENGKA;321003;CIKIJING;3210032009;JAGASARI;2023;MAJU;5186;2589;2597;46;78;1600;248;328;165;647;1188;1669;1272;339;167;31;0;0;75;9;0;0;16;5;89;13;1143;33;2;0;0;0;0;0;2;0;3;54;12;54;12;66
24512;3210;KAB. MAJALENGKA;321003;CIKIJING;3210032010;BAGJASARI;2023;MAJU;3588;1811;1777;38;31;1117;154;769;34;180;674;1352;1073;338;140;15;0;0;142;109;25;16;10;17;13;15;411;361;0;0;0;0;0;0;2;0;1;86;17;86;17;103
24513;3210;KAB. MAJALENGKA;321003;CIKIJING;3210032011;SUNALARI;2023;MAJU;1502;760;742;6;2;517;58;194;27;117;290;638;354;76;107;40;0;0;268;146;61;0;3;2;6;0;278;153;0;0;0;0;0;0;0;3;1;125;35;125;35;160
24514;3210;KAB. MAJALENGKA;321003;CIKIJING;3210032012;CIPULUS;2023;MAJU;2598;1225;1373;5;3;963;102;198;98;152;505;1100;622;131;850;500;0;0;400;300;0;0;7;0;13;0;85;0;0;0;0;0;0;0;0;0;0;50;14;50;14;64
24515;3210;KAB. MAJALENGKA;321003;CIKIJING;3210032013;KANCANA;2023;MAJU;2675;1310;1365;1;3;901;146;430;45;76;388;978;992;238;200;46;0;0;160;25;0;0;20;6;0;0;250;56;0;0;0;0;0;0;1;0;0;50;14;50;14;64
24516;3210;KAB. MAJALENGKA;321003;CIKIJING;3210032014;SUKAMUKTI;2023;MANDIRI;4528;2499;2029;77;73;1526;290;305;130;250;600;1886;1300;297;35;7;0;0;2;0;0;0;22;15;138;9;734;47;2;0;3;0;0;2;2;0;1;258;34;258;34;292
24517;3210;KAB. MAJALENGKA;321003;CIKIJING;3210032015;CILANGCANG;2023;MAJU;1479;728;751;12;8;515;75;160;87;199;217;391;449;136;400;25;0;0;83;17;0;0;7;7;0;0;75;11;0;0;0;0;0;0;1;2;1;21;13;21;13;34
24518;3210;KAB. MAJALENGKA;321004;TALAGA;3210042001;LAMPUYANG;2023;MAJU;2837;1420;1417;21;30;982;91;151;52;187;660;1112;694;132;290;24;0;0;150;15;12;8;5;10;60;0;17;10;1;0;1;0;0;0;2;0;1;0;0;0;0;0
24519;3210;KAB. MAJALENGKA;321004;TALAGA;3210042002;CIBEUREUM;2023;MANDIRI;1945;998;947;37;55;640;114;270;24;112;312;824;510;139;125;9;0;0;300;295;15;4;31;13;12;9;50;0;3;0;2;0;0;0;1;1;0;340;279;340;279;619
24520;3210;KAB. MAJALENGKA;321004;TALAGA;3210042003;CIKEUSAL;2023;MAJU;1567;785;782;2;12;520;17;153;27;123;303;662;373;79;382;85;0;0;112;97;1;1;14;7;12;8;34;11;2;0;1;0;0;0;1;0;0;260;87;260;87;347
24521;3210;KAB. MAJALENGKA;321004;TALAGA;3210042004;JATIPAMOR;2023;MAJU;3753;1932;1821;4;6;1312;105;868;58;238;584;1720;900;253;235;218;0;0;315;298;168;213;18;7;85;20;302;205;2;0;0;0;0;0;2;0;0;1150;305;1150;305;1455
24522;3210;KAB. MAJALENGKA;321004;TALAGA;3210042005;ARGASARI;2023;MAJU;3470;1730;1740;23;18;1223;105;418;44;34;467;1997;258;398;728;0;0;0;221;100;0;36;8;0;33;0;211;0;1;0;0;0;0;0;1;1;1;0;0;0;0;0
24523;3210;KAB. MAJALENGKA;321004;TALAGA;3210042006;CICANIR;2023;MAJU;2357;1206;1151;6;3;696;85;190;36;157;462;618;555;520;340;73;0;0;83;37;359;93;22;11;40;18;216;33;2;0;2;0;0;0;2;3;7;233;233;233;233;466
24524;3210;KAB. MAJALENGKA;321004;TALAGA;3210042007;CAMPAGA;2023;MANDIRI;2173;1115;1058;4;6;762;114;215;81;126;412;877;559;109;100;37;0;0;80;84;20;14;16;20;50;14;160;22;1;0;1;0;0;0;2;1;3;173;0;173;0;173
24525;3210;KAB. MAJALENGKA;321004;TALAGA;3210042008;SUKAPERNA;2023;MAJU;2214;1096;1118;55;22;796;153;247;40;95;297;1012;640;130;515;15;0;0;150;26;0;0;24;25;0;0;382;0;1;0;7;0;1;0;3;3;1;150;26;150;26;176
24526;3210;KAB. MAJALENGKA;321004;TALAGA;3210042009;TALAGAKULON;2023;MANDIRI;5887;2931;2956;185;120;1684;152;570;124;346;1301;2270;1683;287;401;31;0;0;180;35;200;180;225;202;318;128;325;240;4;0;5;0;1;2;5;2;4;1054;1156;1054;1156;2210
24527;3210;KAB. MAJALENGKA;321004;TALAGA;3210042010;TALAGAWETAN;2023;MANDIRI;5678;2942;2736;15;48;1808;84;520;315;311;178;2704;1420;750;150;70;0;0;102;80;77;123;122;74;186;65;249;113;16;0;13;0;0;2;6;7;6;315;27;315;27;342
24528;3210;KAB. MAJALENGKA;321004;TALAGA;3210042011;GANEAS;2023;MAJU;2242;1152;1090;1;0;722;112;104;21;117;318;867;756;163;10;11;0;0;110;54;0;0;19;10;15;0;615;394;1;0;0;0;0;1;2;1;11;320;0;320;0;320
24529;3210;KAB. MAJALENGKA;321004;TALAGA;3210042012;SALADO;2023;MAJU;2541;1326;1215;10;4;631;134;190;10;165;394;574;1120;252;100;98;0;0;85;47;1;1;16;4;40;11;30;13;0;0;0;0;0;0;1;1;0;5;0;5;0;5
24530;3210;KAB. MAJALENGKA;321004;TALAGA;3210042013;GUNUNGMANIK;2023;MAJU;3353;1690;1663;7;15;1137;200;205;64;140;505;1256;910;425;1170;530;0;0;610;0;47;0;24;7;41;4;275;109;0;0;0;0;0;0;1;0;1;0;0;0;0;0
24531;3210;KAB. MAJALENGKA;321004;TALAGA;3210042014;KERTARAHAYU;2023;MAJU;962;491;471;29;40;371;65;65;5;54;145;326;297;135;81;0;0;0;44;0;12;0;3;3;11;0;142;0;0;0;0;0;0;0;3;1;0;0;0;0;0;0
24532;3210;KAB. MAJALENGKA;321004;TALAGA;3210042015;MEKARRAHARJA;2023;MAJU;3609;1803;1806;114;108;1266;110;238;139;191;542;1317;460;419;90;70;0;0;270;120;37;22;27;11;37;5;637;26;1;0;2;0;0;0;2;0;5;870;205;870;205;1075
24533;3210;KAB. MAJALENGKA;321004;TALAGA;3210042016;MARGAMUKTI;2023;MAJU;2431;1220;1211;13;12;803;135;213;44;188;471;1024;581;123;74;24;0;0;202;109;6;13;9;4;40;27;780;20;0;0;0;0;0;0;2;2;5;7;3;7;3;10
24534;3210;KAB. MAJALENGKA;321004;TALAGA;3210042017;MEKARHURIP;2023;MAJU;1748;881;867;9;7;616;86;202;38;91;164;738;561;142;61;1;0;0;18;3;20;10;2;0;19;12;411;7;0;0;0;0;0;0;1;0;0;381;800;381;800;1181
24535;3210;KAB. MAJALENGKA;321005;ARGAPURA;3210052001;SAGARA;2023;MANDIRI;1640;815;825;10;15;577;77;232;28;96;244;763;335;129;534;165;0;0;30;8;1;15;13;13;12;8;220;20;1;0;0;0;0;0;1;0;0;0;0;0;0;0
24536;3210;KAB. MAJALENGKA;321005;ARGAPURA;3210052002;CIBUNUT;2023;MAJU;1791;837;954;4;2;826;37;220;12;72;189;980;316;122;508;510;0;0;212;211;0;4;8;2;15;0;47;32;0;0;1;0;0;0;1;1;1;2;0;2;0;2
24537;3210;KAB. MAJALENGKA;321005;ARGAPURA;3210052003;TEJAMULYA;2023;MANDIRI;2043;1025;1018;8;6;1296;603;311;42;103;278;623;746;254;305;295;0;0;77;0;147;52;5;2;47;32;85;25;1;0;1;0;0;0;1;0;0;0;0;0;0;0
24538;3210;KAB. MAJALENGKA;321005;ARGAPURA;3210052004;SUKASARI KALER;2023;MANDIRI;3776;1882;1894;52;17;1276;235;148;53;154;655;1317;1250;315;441;187;0;0;215;115;0;0;35;22;0;0;0;0;1;0;4;0;4;2;2;0;3;0;0;0;0;0
24539;3210;KAB. MAJALENGKA;321005;ARGAPURA;3210052005;ARGAMUKTI;2023;MANDIRI;2836;1379;1457;3;2;1092;93;402;195;280;497;917;736;391;629;231;0;0;267;122;2;1;5;1;2;2;154;109;0;0;0;0;0;0;1;0;1;10;0;10;0;10
24540;3210;KAB. MAJALENGKA;321005;ARGAPURA;3210052006;SUKADANA;2023;MAJU;3147;1613;1534;8;5;1037;150;380;120;133;412;1084;1268;313;550;62;0;0;28;29;5;20;9;7;14;3;62;22;0;0;0;0;0;1;1;0;1;1;0;1;0;1
24541;3210;KAB. MAJALENGKA;321005;ARGAPURA;3210052007;SADASARI;2023;MANDIRI;3932;1908;2024;14;21;1232;159;132;96;287;791;1334;1217;207;246;76;0;0;127;92;15;5;25;11;64;14;362;119;1;0;1;0;0;1;3;0;2;0;0;0;0;0
24542;3210;KAB. MAJALENGKA;321005;ARGAPURA;3210052008;HAURSEAH;2023;MANDIRI;2508;1303;1205;9;6;757;25;68;14;224;666;831;694;79;500;178;0;0;212;131;1;1;7;1;0;0;0;0;1;0;0;0;0;0;1;0;0;0;0;0;0;0
24543;3210;KAB. MAJALENGKA;321005;ARGAPURA;3210052009;MEKARWANGI;2023;MAJU;1852;877;975;6;4;709;35;356;26;47;251;732;680;218;520;0;0;0;470;0;5;0;12;1;17;0;71;0;0;0;0;0;0;0;2;1;0;90;35;90;35;125
24544;3210;KAB. MAJALENGKA;321005;ARGAPURA;3210052010;CIKARACAK;2023;MAJU;3532;1759;1773;6;12;1164;153;313;160;275;496;998;855;748;1127;448;0;0;84;32;15;16;5;3;2;0;44;26;0;0;0;0;0;0;1;0;0;1;0;1;0;1
24545;3210;KAB. MAJALENGKA;321005;ARGAPURA;3210052011;HEUBEULISUK;2023;MANDIRI;1425;698;727;54;45;506;119;320;26;69;227;477;470;156;129;8;0;0;25;7;60;20;7;6;2;0;183;6;0;0;0;0;0;0;1;0;1;5;3;5;3;8
24546;3210;KAB. MAJALENGKA;321005;ARGAPURA;3210052012;SUKASARI KIDUL;2023;MANDIRI;3040;1477;1563;13;7;1093;296;597;30;116;550;1133;981;230;574;154;0;0;517;299;2;9;14;15;14;15;78;35;2;0;3;0;1;0;1;1;1;368;79;368;79;447
24547;3210;KAB. MAJALENGKA;321005;ARGAPURA;3210052013;GUNUNGWANGI;2023;MAJU;2291;1202;1089;4;7;825;105;132;46;192;291;740;635;387;405;68;0;0;115;56;0;0;9;6;0;0;0;0;1;0;0;0;0;0;1;0;0;0;1;0;1;1
24548;3210;KAB. MAJALENGKA;321005;ARGAPURA;3210052014;ARGALINGGA;2023;MAJU;3465;1637;1828;4;7;1263;168;501;170;321;529;970;1036;433;1084;708;1;0;2;0;0;0;14;0;52;58;121;0;2;0;0;0;0;0;1;0;3;48;0;48;0;48
24549;3210;KAB. MAJALENGKA;321006;MAJA;3210062001;CIHAUR;2023;MAJU;4581;2295;2286;19;21;1306;260;118;101;193;407;1269;1176;969;930;471;0;0;401;219;92;26;27;18;58;15;434;46;2;0;1;0;1;0;4;0;5;1069;296;1069;296;1365
24550;3210;KAB. MAJALENGKA;321006;MAJA;3210062002;WANAHAYU;2023;MAJU;3241;1608;1633;5;35;1260;274;0;264;175;492;1172;819;319;810;166;0;0;320;122;10;15;21;16;20;25;400;246;7;0;3;1;0;0;0;0;5;26;18;26;18;44
24551;3210;KAB. MAJALENGKA;321006;MAJA;3210062003;CENGAL;2023;BERKEMBANG;1312;641;671;6;9;459;11;6;35;65;186;398;319;310;236;4;0;0;501;464;11;0;9;4;0;0;9;1;0;0;1;0;0;0;1;1;1;2;0;2;0;2
24552;3210;KAB. MAJALENGKA;321006;MAJA;3210062004;ANGGRAWATI;2023;MAJU;2240;1123;1117;12;8;745;106;282;87;120;385;951;612;85;144;7;0;0;99;21;10;15;39;15;62;13;10;7;0;0;2;0;0;0;2;0;1;0;0;0;0;0
24553;3210;KAB. MAJALENGKA;321006;MAJA;3210062005;CIPICUNG;2023;MAJU;2345;1196;1149;12;11;786;54;418;24;115;342;921;793;150;58;30;0;0;262;130;79;55;6;0;55;34;198;142;2;0;0;0;0;0;0;1;0;0;0;0;0;0
24554;3210;KAB. MAJALENGKA;321006;MAJA;3210062006;MALONGPONG;2023;MANDIRI;2048;1031;1017;18;17;612;141;362;24;102;257;850;680;135;154;0;0;0;125;45;54;76;21;18;22;8;48;31;3;0;2;0;0;0;1;1;4;0;0;0;0;0
24555;3210;KAB. MAJALENGKA;321006;MAJA;3210062007;TEGALSARI;2023;MAJU;2536;1201;1335;20;30;747;86;199;22;185;477;673;826;215;279;52;0;0;45;35;0;35;56;46;18;25;60;35;10;0;12;3;1;0;2;0;3;97;78;97;78;175
24556;3210;KAB. MAJALENGKA;321006;MAJA;3210062008;MAJA UTARA;2023;MANDIRI;6994;3631;3363;64;27;2081;392;846;82;98;1004;2740;2015;453;34;8;0;0;336;40;0;0;108;82;162;58;250;158;10;0;5;0;3;1;4;6;4;1200;200;1200;200;1400
24557;3210;KAB. MAJALENGKA;321006;MAJA;3210062009;PASANGGRAHAN;2023;MAJU;2599;1341;1258;8;9;848;138;128;29;149;459;989;800;202;121;20;0;0;71;27;6;13;22;11;6;7;20;12;2;0;2;0;0;0;2;0;1;0;0;0;0;0
24558;3210;KAB. MAJALENGKA;321006;MAJA;3210062010;CIEURIH;2023;MAJU;3209;1647;1562;0;0;1077;163;381;40;145;449;1362;980;278;141;0;0;0;84;19;0;0;10;7;70;24;238;20;0;0;0;0;0;0;0;2;3;0;0;0;0;0
24559;3210;KAB. MAJALENGKA;321006;MAJA;3210062011;KERTABASUKI;2023;MANDIRI;2575;1310;1265;6;0;783;140;433;36;79;439;985;861;211;28;1;0;0;66;1;124;37;27;37;0;0;32;4;2;0;1;0;0;0;3;0;1;122;23;122;23;145
24560;3210;KAB. MAJALENGKA;321006;MAJA;3210062012;SINDANGKERTA;2023;MAJU;1971;1002;969;6;2;621;125;167;12;56;185;382;279;85;65;66;0;0;85;80;0;0;13;10;45;28;120;38;2;0;0;0;0;0;0;0;0;46;144;46;144;190
24561;3210;KAB. MAJALENGKA;321006;MAJA;3210062013;BANJARAN;2023;MANDIRI;1774;892;882;2;1;557;49;194;15;111;280;788;459;121;482;275;0;0;43;16;70;15;30;25;4;1;93;38;1;0;0;0;1;0;2;1;2;152;145;152;145;297
24562;3210;KAB. MAJALENGKA;321006;MAJA;3210062014;PANIIS;2023;MANDIRI;3805;1898;1907;2;3;1321;306;0;39;166;555;1519;1236;287;44;3;0;0;183;43;75;125;20;16;62;30;76;90;3;0;2;0;1;1;0;0;0;928;736;928;736;1664
24563;3210;KAB. MAJALENGKA;321006;MAJA;3210062015;CICALUNG;2023;MAJU;1430;689;741;8;6;536;143;211;18;62;247;520;451;181;44;0;0;0;25;30;20;25;12;15;40;25;105;170;1;0;1;0;0;0;1;1;0;0;0;0;0;0
24564;3210;KAB. MAJALENGKA;321006;MAJA;3210062016;PAGERAJI;2023;MAJU;1324;689;635;9;7;458;70;121;10;63;162;541;397;151;86;0;0;0;69;1;53;21;7;7;0;0;130;1;0;0;1;0;0;0;3;1;0;344;601;344;601;945
24565;3210;KAB. MAJALENGKA;321006;MAJA;3210062017;MAJA SELATAN;2023;MANDIRI;6021;3035;2986;94;202;1855;65;460;79;518;1000;2617;2300;1020;50;1;0;0;82;114;2;85;27;25;46;22;371;65;3;0;11;0;2;1;1;0;4;88;466;88;466;554
24566;3210;KAB. MAJALENGKA;321006;MAJA;3210062018;NUNUK BARU;2023;BERKEMBANG;3365;1692;1673;8;12;1276;371;9;89;192;396;1008;841;843;2292;376;0;0;388;226;23;6;2;3;3;0;29;4;0;0;1;0;0;0;0;0;0;4;2;4;2;6
24567;3210;KAB. MAJALENGKA;321007;MAJALENGKA;3210072005;KULUR;2023;MAJU;4218;2106;2112;5;14;1519;168;430;42;260;744;1511;1185;610;1611;179;0;0;462;161;45;12;69;20;0;0;56;29;2;0;2;0;0;0;3;1;0;0;0;0;0;0
24568;3210;KAB. MAJALENGKA;321007;MAJALENGKA;3210072006;KAWUNGGIRANG;2023;MAJU;1726;899;827;5;4;511;50;163;13;35;420;680;441;149;150;21;0;0;0;0;10;15;13;8;20;10;5;20;1;0;2;0;0;1;1;0;2;0;0;0;0;0
24569;3210;KAB. MAJALENGKA;321007;MAJALENGKA;3210072012;SIDAMUKTI;2023;MANDIRI;3672;1836;1836;28;29;1448;343;181;50;166;428;1298;1202;528;865;279;0;0;129;36;0;0;26;4;15;0;143;0;1;0;0;0;0;0;5;2;1;0;0;0;0;0
24570;3210;KAB. MAJALENGKA;321007;MAJALENGKA;3210072014;CIBODAS;2023;MAJU;2959;1498;1461;9;7;1097;98;231;41;187;395;1170;982;181;894;420;0;0;36;95;7;12;13;3;26;6;92;27;0;0;1;0;0;0;2;0;0;0;0;0;0;0
24571;3210;KAB. MAJALENGKA;321008;SUKAHAJI;3210082001;CIOMAS;2023;MAJU;2096;1033;1063;13;20;740;172;112;23;241;405;564;673;190;76;11;0;0;65;42;44;42;16;15;70;62;305;238;0;0;0;0;0;0;1;0;1;485;356;485;356;841
24572;3210;KAB. MAJALENGKA;321008;SUKAHAJI;3210082002;PADAHANTEN;2023;MAJU;3316;1661;1655;12;7;1093;166;481;40;234;1371;1049;312;310;106;24;0;0;82;6;0;0;29;32;101;23;344;32;0;0;0;0;1;0;0;0;3;359;513;359;513;872
24573;3210;KAB. MAJALENGKA;321008;SUKAHAJI;3210082009;SUKAHAJI;2023;MANDIRI;4169;2094;2075;20;10;1312;222;531;171;318;645;1488;1281;266;185;15;0;0;700;222;200;115;170;85;176;0;108;112;1;0;0;0;0;0;3;1;6;157;318;157;318;475
24574;3210;KAB. MAJALENGKA;321008;SUKAHAJI;3210082010;SALAGEDANG;2023;MAJU;4678;2418;2260;18;19;1603;334;513;98;203;679;1805;1496;397;97;33;0;0;82;52;87;75;28;8;130;171;680;288;0;0;0;0;1;1;2;1;1;461;372;461;372;833
24575;3210;KAB. MAJALENGKA;321008;SUKAHAJI;3210082011;CIKEUSIK;2023;MAJU;2942;1463;1479;28;48;1022;186;103;174;313;258;1121;922;154;170;53;0;0;375;110;235;175;6;5;32;74;135;73;2;0;1;0;1;0;1;1;2;0;0;0;0;0
24576;3210;KAB. MAJALENGKA;321008;SUKAHAJI;3210082012;JAYI;2023;MAJU;3166;1572;1594;0;0;1127;245;430;32;178;541;1031;985;399;216;80;0;0;155;94;110;63;2;3;211;96;430;116;1;0;2;0;0;0;4;0;7;201;321;201;321;522
24577;3210;KAB. MAJALENGKA;321008;SUKAHAJI;3210082013;NANGGEWER;2023;MAJU;2113;1074;1039;0;8;708;167;115;43;123;352;807;623;165;148;45;0;0;73;54;52;57;12;7;60;75;468;147;1;0;0;0;1;0;0;0;2;38;9;38;9;47
24578;3210;KAB. MAJALENGKA;321008;SUKAHAJI;3210082014;PALABUAN;2023;MAJU;5316;2694;2622;86;104;1845;359;380;66;227;767;2033;1796;427;505;204;0;0;317;220;78;160;26;8;103;135;78;60;3;0;3;0;2;0;1;1;3;170;95;170;95;265
24579;3210;KAB. MAJALENGKA;321008;SUKAHAJI;3210082015;CIKONENG;2023;MANDIRI;2408;1199;1209;15;20;735;143;298;163;525;206;824;506;184;193;0;0;0;248;47;40;32;24;25;49;20;76;6;13;0;5;1;1;0;1;0;2;770;330;770;330;1100
24580;3210;KAB. MAJALENGKA;321008;SUKAHAJI;3210082016;BABAKANMANJETI;2023;MAJU;4598;2101;2497;3;15;1393;187;577;57;349;841;1587;1410;354;495;217;0;0;354;271;160;214;35;30;419;294;103;88;5;0;2;0;1;0;1;1;1;61;30;61;30;91
24581;3210;KAB. MAJALENGKA;321008;SUKAHAJI;3210082017;TANJUNGSARI;2023;MAJU;4825;2657;2168;2;4;1619;244;725;63;303;718;1800;1494;447;23;11;0;0;74;26;174;215;8;10;524;247;726;675;1;0;0;0;1;0;2;3;6;582;602;582;602;1184
24582;3210;KAB. MAJALENGKA;321008;SUKAHAJI;3210082018;CIKALONG;2023;MANDIRI;5239;2678;2561;7;41;1479;98;378;221;245;650;2093;1693;337;46;61;0;0;187;500;150;120;275;250;39;50;500;219;36;0;11;0;0;0;0;7;7;900;463;900;463;1363
24583;3210;KAB. MAJALENGKA;321008;SUKAHAJI;3210082019;CANDRAJAYA;2023;MAJU;2556;1270;1286;10;13;908;169;348;15;112;420;962;807;240;63;31;0;0;89;61;7;35;14;13;49;27;271;221;0;0;1;0;0;0;2;0;1;129;37;129;37;166
24584;3210;KAB. MAJALENGKA;321009;RAJAGALUH;3210092001;PAJAJAR;2023;MAJU;3002;1503;1499;22;18;1102;455;350;19;308;563;1058;1031;23;991;900;0;0;619;519;19;15;6;4;0;0;127;18;0;0;0;0;0;0;1;5;3;0;0;0;0;0
24585;3210;KAB. MAJALENGKA;321009;RAJAGALUH;3210092002;TEJA;2023;MAJU;3260;1649;1611;28;21;1201;115;224;54;449;663;1241;749;103;507;230;0;0;333;150;46;35;8;4;165;38;112;47;2;2;3;0;0;0;2;0;3;100;71;100;71;171
24586;3210;KAB. MAJALENGKA;321009;RAJAGALUH;3210092003;PAYUNG;2023;MANDIRI;4926;2406;2520;11;7;1685;258;413;67;419;824;2005;1570;35;215;121;0;0;450;110;0;0;15;6;10;6;200;54;1;0;3;0;0;0;2;0;0;0;0;0;0;0
24587;3210;KAB. MAJALENGKA;321009;RAJAGALUH;3210092004;BABAKANKAREO;2023;MAJU;1643;821;822;3;0;567;98;204;36;82;189;612;537;187;206;25;0;0;52;31;20;30;5;3;17;10;186;66;1;0;0;0;0;0;2;0;0;150;100;150;100;250
24588;3210;KAB. MAJALENGKA;321009;RAJAGALUH;3210092005;SINDANGPANO;2023;MAJU;2590;1329;1261;9;5;943;108;89;32;133;280;1064;956;155;135;35;0;0;300;100;34;29;4;2;26;13;49;12;0;0;2;0;0;0;3;2;4;20;15;20;15;35
24589;3210;KAB. MAJALENGKA;321009;RAJAGALUH;3210092006;SADOMAS;2023;MAJU;1805;897;908;2;7;584;116;232;21;222;289;767;374;139;137;98;0;0;297;231;8;15;7;2;94;75;345;237;0;0;0;0;0;0;3;2;2;196;157;196;157;353
24590;3210;KAB. MAJALENGKA;321009;RAJAGALUH;3210092007;KUMBUNG;2023;MAJU;4933;2504;2429;26;69;1553;278;198;48;243;769;2035;1508;330;221;49;0;0;368;73;43;25;27;15;43;30;687;27;1;0;4;0;1;0;2;1;3;1423;1884;1423;1884;3307
24591;3210;KAB. MAJALENGKA;321009;RAJAGALUH;3210092008;RAJAGALUH KIDUL;2023;MANDIRI;5357;2723;2634;197;56;1796;260;126;100;605;1130;2235;1467;379;1071;653;0;0;879;534;272;225;24;10;470;255;490;186;2;0;0;0;0;0;2;4;8;533;400;533;400;933
24592;3210;KAB. MAJALENGKA;321009;RAJAGALUH;3210092009;SINGAWADA;2023;MAJU;3222;1620;1602;5;10;1116;215;460;32;229;448;1267;1038;208;201;32;0;0;102;50;30;35;7;9;33;30;760;486;3;0;1;0;0;0;3;0;2;1077;350;1077;350;1427
24593;3210;KAB. MAJALENGKA;321009;RAJAGALUH;3210092010;RAJAGALUH LOR;2023;MANDIRI;3284;1638;1646;33;60;1300;125;356;72;286;603;1375;773;216;139;18;0;0;120;140;38;0;47;45;80;25;569;856;2;0;5;0;1;1;1;2;9;798;388;798;388;1186
24594;3210;KAB. MAJALENGKA;321009;RAJAGALUH;3210092011;CIPINANG;2023;MAJU;4458;2176;2282;67;75;1630;240;418;72;395;505;1331;1378;698;4;1;0;0;22;2;177;25;16;10;26;19;259;30;2;0;4;0;2;0;2;2;3;431;838;431;838;1269
24595;3210;KAB. MAJALENGKA;321009;RAJAGALUH;3210092012;CISETU;2023;MAJU;4538;2241;2297;36;76;1564;357;482;54;475;763;1371;1590;302;255;0;0;0;290;163;251;0;20;8;130;121;681;503;1;0;1;0;1;1;3;0;2;0;0;0;0;0
24596;3210;KAB. MAJALENGKA;321009;RAJAGALUH;3210092013;RAJAGALUH;2023;MANDIRI;5061;2544;2517;28;20;1466;299;415;38;219;811;1717;1414;531;14;0;0;0;167;23;0;0;58;51;128;67;704;111;6;1;2;0;1;2;2;0;2;1493;2261;1493;2261;3754
24597;3210;KAB. MAJALENGKA;321010;LEUWIMUNDING;3210102001;PARAKAN;2023;MAJU;5101;2585;2516;203;41;1565;250;400;51;340;566;2019;1649;496;395;108;0;0;243;56;0;0;19;10;263;39;604;372;2;0;2;0;0;0;1;1;1;0;0;0;0;0
24598;3210;KAB. MAJALENGKA;321010;LEUWIMUNDING;3210102002;PATUANAN;2023;MAJU;4100;1896;2204;19;20;1377;210;669;69;259;645;1535;1288;274;264;164;0;0;105;74;103;15;3;7;25;36;81;52;1;0;1;0;1;0;1;0;1;331;254;331;254;585
24599;3210;KAB. MAJALENGKA;321010;LEUWIMUNDING;3210102003;NANGGERANG;2023;MAJU;2001;1022;979;35;8;657;85;571;24;133;306;756;648;183;84;2;0;0;113;72;82;27;6;7;73;30;201;63;1;0;0;1;1;0;1;0;0;156;21;156;21;177
24600;3210;KAB. MAJALENGKA;321010;LEUWIMUNDING;3210102004;LAME;2023;MANDIRI;3627;1825;1802;85;135;1288;315;602;37;239;759;1254;1123;120;237;23;0;0;249;61;145;125;14;14;315;284;31;13;0;0;1;0;1;1;3;0;2;12;19;12;19;31
24601;3210;KAB. MAJALENGKA;321010;LEUWIMUNDING;3210102005;MINDI;2023;MAJU;2863;1312;1551;30;41;950;114;675;87;250;455;1107;690;274;337;234;0;0;276;254;257;220;45;22;40;15;55;10;5;0;2;0;0;0;2;3;4;720;362;720;362;1082
24602;3210;KAB. MAJALENGKA;321010;LEUWIMUNDING;3210102006;RAJAWANGI;2023;MAJU;4616;2360;2256;13;3;1461;222;712;128;420;2140;903;960;170;100;20;0;0;67;40;31;10;10;4;30;20;300;270;1;0;1;0;0;0;1;0;1;704;202;704;202;906
24603;3210;KAB. MAJALENGKA;321010;LEUWIMUNDING;3210102007;LEUWIKUJANG;2023;MANDIRI;5691;2887;2804;17;22;1767;107;382;81;212;1011;2172;1826;371;174;0;0;0;455;0;27;0;144;0;19;0;42;0;1;0;1;0;0;0;1;0;6;82;52;82;52;134
24604;3210;KAB. MAJALENGKA;321010;LEUWIMUNDING;3210102008;MIRAT;2023;MAJU;6769;3467;3302;49;81;2157;421;1495;23;295;1030;2823;2147;500;18;5;0;0;2;18;87;29;22;18;86;28;814;76;2;0;1;0;0;0;1;0;6;887;128;887;128;1015
24605;3210;KAB. MAJALENGKA;321010;LEUWIMUNDING;3210102009;LEUWIMUNDING;2023;MANDIRI;5998;2975;3023;0;2;2061;487;768;145;334;1577;2604;1073;265;211;106;1;0;689;374;178;354;93;42;126;107;945;533;5;0;2;0;1;1;2;5;6;697;793;697;793;1490
24606;3210;KAB. MAJALENGKA;321010;LEUWIMUNDING;3210102010;CIPARAY;2023;MANDIRI;6714;3444;3270;107;123;2129;456;1500;91;275;1137;2601;2114;496;18;0;0;0;21;38;189;119;20;22;0;0;890;29;0;0;0;0;1;0;2;2;3;2300;3061;2300;3061;5361
24607;3210;KAB. MAJALENGKA;321010;LEUWIMUNDING;3210102011;HEULEUT;2023;MAJU;5349;2756;2593;100;106;1683;363;778;39;385;692;2062;1821;350;502;6;0;0;60;30;105;156;16;15;103;61;1016;73;0;0;1;0;0;0;2;4;8;1066;966;1066;966;2032
24608;3210;KAB. MAJALENGKA;321010;LEUWIMUNDING;3210102012;KARANGASEM;2023;MAJU;5573;2801;2772;106;119;1987;353;376;82;312;1061;2036;1702;380;88;4;0;0;20;7;41;6;14;14;94;58;1062;62;2;0;2;0;0;0;1;1;3;1261;2691;1261;2691;3952
24609;3210;KAB. MAJALENGKA;321010;LEUWIMUNDING;3210102013;TANJUNGSARI;2023;MAJU;4166;2093;2073;79;110;1354;167;476;42;223;785;1678;1079;359;180;97;0;0;234;156;190;305;5;5;11;9;505;127;0;0;2;0;0;0;2;1;5;621;302;621;302;923
24610;3210;KAB. MAJALENGKA;321010;LEUWIMUNDING;3210102014;PARUNGJAYA;2023;MAJU;3326;1694;1632;30;30;1046;98;301;30;195;451;1053;845;752;236;201;0;0;234;238;87;96;12;8;24;2;293;238;1;0;2;0;0;0;3;1;2;827;821;827;821;1648
24611;3210;KAB. MAJALENGKA;321011;JATIWANGI;3210112001;BURUJUL KULON;2023;MANDIRI;7186;3581;3605;18;23;2430;490;1059;101;268;634;3511;2497;175;92;0;0;0;204;200;1008;1021;21;40;730;458;60;20;0;0;3;0;1;0;3;2;4;0;0;0;0;0
24612;3210;KAB. MAJALENGKA;321011;JATIWANGI;3210112002;BURUJUL WETAN;2023;MANDIRI;8906;4432;4474;6;20;3091;491;1120;82;284;1421;3749;3007;573;82;3;0;0;242;127;1081;1205;108;50;490;420;457;267;1;0;8;1;0;1;8;3;8;124;72;124;72;196
24613;3210;KAB. MAJALENGKA;321011;JATIWANGI;3210112003;CICADAS;2023;MAJU;4224;2172;2052;23;32;1410;262;427;104;306;402;1615;1640;147;101;48;0;0;195;215;215;310;22;22;161;13;33;48;1;0;4;0;2;0;10;0;2;1411;1411;1411;1411;2822
24614;3210;KAB. MAJALENGKA;321011;JATIWANGI;3210112004;ANDIR;2023;MANDIRI;4757;2485;2272;2;3;1589;110;0;129;244;663;1950;1473;252;95;10;0;0;199;25;514;477;31;26;370;382;145;112;3;0;2;0;0;0;3;0;5;975;1121;975;1121;2096
24615;3210;KAB. MAJALENGKA;321011;JATIWANGI;3210112005;SUKARAJA WETAN;2023;MANDIRI;6771;3405;3366;52;43;2390;507;585;66;370;1072;2558;2211;493;15;2;0;0;20;0;605;720;26;17;174;61;432;17;2;0;7;0;1;2;7;4;4;2300;2355;2300;2355;4655
24616;3210;KAB. MAJALENGKA;321011;JATIWANGI;3210112006;PINANGRAJA;2023;MANDIRI;3974;2011;1963;48;13;1344;247;215;53;140;602;1623;1322;234;281;5;0;0;342;127;389;180;17;8;117;178;57;11;2;0;4;1;0;1;2;3;0;1100;1159;1100;1159;2259
24617;3210;KAB. MAJALENGKA;321011;JATIWANGI;3210112007;CIBENTAR;2023;MAJU;4346;2162;2184;72;66;1548;215;210;56;206;190;1699;1560;603;902;2;0;0;55;3;151;61;10;17;151;61;92;3;0;0;2;0;0;0;3;3;5;1360;1363;1360;1363;2723
24618;3210;KAB. MAJALENGKA;321011;JATIWANGI;3210112008;LEUWEUNGGEDE;2023;MAJU;4881;2486;2395;21;36;1638;150;205;68;265;755;1857;1485;455;189;18;0;0;489;213;0;0;23;15;4;0;52;28;3;0;5;0;0;0;5;2;3;217;120;217;120;337
24619;3210;KAB. MAJALENGKA;321011;JATIWANGI;3210112009;CIBOLERANG;2023;MANDIRI;10324;5217;5107;149;281;2947;247;497;95;617;1738;3845;3242;787;121;82;0;0;147;127;136;75;75;37;2;0;227;110;5;0;7;0;6;1;10;2;7;4489;4658;4489;4658;9147
24620;3210;KAB. MAJALENGKA;321011;JATIWANGI;3210112010;SUTAWANGI;2023;MANDIRI;5680;2833;2847;21;31;1390;315;360;75;302;710;2442;2358;675;2;0;0;0;14;4;65;200;58;52;358;121;337;70;5;0;7;0;1;2;3;1;1;2336;2536;2336;2536;4872
24621;3210;KAB. MAJALENGKA;321011;JATIWANGI;3210112011;JATISURA;2023;MANDIRI;6223;3095;3128;22;40;1744;126;330;356;327;3187;1203;729;421;293;196;0;0;376;250;200;259;37;30;169;176;23;7;3;0;6;0;1;1;10;2;6;73;80;73;80;153
24622;3210;KAB. MAJALENGKA;321011;JATIWANGI;3210112012;JATIWANGI;2023;MANDIRI;5132;2537;2595;27;108;1826;428;116;226;496;797;1368;1457;788;122;91;0;0;493;314;117;86;251;198;88;57;265;103;5;0;3;0;4;3;9;2;5;310;276;310;276;586
24623;3210;KAB. MAJALENGKA;321011;JATIWANGI;3210112013;LOJI;2023;MAJU;4521;2295;2226;10;11;1468;250;513;20;135;677;1904;1432;353;242;142;0;0;243;109;50;31;30;25;0;0;35;27;2;0;3;1;0;0;5;0;4;921;530;921;530;1451
24624;3210;KAB. MAJALENGKA;321011;JATIWANGI;3210112014;SUKARAJA KULON;2023;MANDIRI;6224;3131;3093;85;70;2072;316;151;65;394;874;2439;2064;410;150;75;0;0;660;190;175;616;12;6;987;438;705;300;1;0;2;0;1;1;3;2;2;1006;1086;1006;1086;2092
24625;3210;KAB. MAJALENGKA;321011;JATIWANGI;3210112015;MEKARSARI;2023;MANDIRI;3814;1953;1861;11;35;1281;280;295;20;115;418;1598;1234;324;50;22;0;0;70;35;560;760;40;30;268;178;200;70;1;0;1;0;2;2;10;5;6;85;38;85;38;123
24626;3210;KAB. MAJALENGKA;321011;JATIWANGI;3210112016;SURAWANGI;2023;MAJU;4575;2338;2237;26;81;1611;306;370;57;265;617;1873;1258;505;103;35;0;0;806;269;181;1692;19;23;56;46;20;53;8;0;1;0;1;0;8;0;7;624;623;624;623;1247
24627;3210;KAB. MAJALENGKA;321012;DAWUAN;3210122006;GANDU;2023;MANDIRI;4889;2469;2420;30;22;1532;72;0;39;214;320;1700;1416;400;128;70;0;0;337;200;250;300;106;52;160;93;101;40;4;0;4;0;3;0;2;0;10;106;123;106;123;229
24628;3210;KAB. MAJALENGKA;321012;DAWUAN;3210122007;DAWUAN;2023;MANDIRI;4939;2483;2456;34;40;1668;65;537;16;221;781;1916;1690;315;38;2;0;0;42;60;171;72;52;56;323;174;401;57;4;0;3;0;1;2;2;0;1;112;56;112;56;168
24629;3210;KAB. MAJALENGKA;321012;DAWUAN;3210122008;GENTENG;2023;MANDIRI;4804;2363;2441;15;36;1632;74;389;120;315;834;1829;1385;321;399;250;0;0;183;190;110;550;30;25;61;30;132;152;3;0;2;0;0;0;3;0;2;0;0;0;0;0
24630;3210;KAB. MAJALENGKA;321012;DAWUAN;3210122010;MANDAPA;2023;MANDIRI;3168;1560;1608;25;23;1160;190;387;47;187;551;1150;814;415;105;70;0;0;425;115;302;512;115;105;53;15;227;82;3;0;0;0;1;0;4;0;2;560;559;560;559;1119
24631;3210;KAB. MAJALENGKA;321012;DAWUAN;3210122011;BALIDA;2023;MANDIRI;5852;2885;2967;3;3;2202;52;562;72;269;781;2841;1660;229;479;44;0;0;1002;1000;1436;977;443;52;150;82;57;31;3;0;4;0;2;0;1;5;0;5;2;5;2;7
24632;3210;KAB. MAJALENGKA;321012;DAWUAN;3210122012;KARANGANYAR;2023;MAJU;2478;1266;1212;6;2;804;60;123;12;91;389;1025;746;236;420;230;0;0;65;420;70;200;11;6;27;9;250;195;0;0;0;0;0;0;1;0;0;0;0;0;0;0
24633;3210;KAB. MAJALENGKA;321012;DAWUAN;3210122013;SALAWANA;2023;MAJU;3235;1640;1595;18;260;2100;98;167;185;260;570;1579;1420;259;241;200;0;0;56;70;100;150;25;30;25;15;400;100;2;0;3;0;0;1;3;1;2;0;0;0;0;0
24634;3210;KAB. MAJALENGKA;321012;DAWUAN;3210122015;BOJONGCIDERES;2023;MANDIRI;4359;2187;2172;46;50;1323;186;1075;102;234;643;1680;1383;317;150;150;0;0;452;400;169;202;90;65;254;165;55;50;4;0;8;0;8;5;2;3;2;0;0;0;0;0
24635;3210;KAB. MAJALENGKA;321012;DAWUAN;3210122017;SINARJATI;2023;MANDIRI;4663;2358;2305;0;8;1649;89;232;56;515;582;1763;1613;134;350;0;0;0;834;723;570;871;48;20;500;400;212;110;5;0;2;0;0;0;2;0;1;0;0;0;0;0
24636;3210;KAB. MAJALENGKA;321012;DAWUAN;3210122018;PASIRMALATI;2023;MAJU;1997;1001;996;2;0;747;65;310;50;120;178;919;560;138;509;500;0;0;500;489;65;25;9;2;0;0;15;15;0;0;0;0;0;0;1;0;1;7;5;7;5;12
24637;3210;KAB. MAJALENGKA;321012;DAWUAN;3210122021;BATURUYUK;2023;MANDIRI;5663;2920;2743;20;8;2101;132;203;150;225;766;2286;1964;272;273;23;0;0;1021;277;354;898;22;20;62;23;364;192;4;0;2;0;0;1;4;1;2;94;46;94;46;140
24638;3210;KAB. MAJALENGKA;321013;KADIPATEN;3210132001;HEULEUT;2023;MANDIRI;7255;3563;3692;2;11;2336;478;1213;94;546;993;1915;3022;685;557;25;0;0;645;21;123;134;58;23;45;37;71;24;10;0;14;0;1;0;5;0;2;0;0;0;0;0
24639;3210;KAB. MAJALENGKA;321013;KADIPATEN;3210132002;KADIPATEN;2023;MANDIRI;11210;5373;5837;21;75;3428;514;1120;96;578;1777;5079;3328;352;18;10;0;0;29;12;1667;288;78;70;20;24;2024;315;19;0;28;1;0;1;8;0;6;1478;5089;1478;5089;6567
24640;3210;KAB. MAJALENGKA;321013;KADIPATEN;3210132003;BABAKANANYAR;2023;MAJU;2235;1088;1147;48;47;772;143;590;19;75;338;842;770;190;91;18;0;0;30;59;49;19;5;6;27;38;35;53;0;1;2;0;0;0;1;1;2;428;183;428;183;611
24641;3210;KAB. MAJALENGKA;321013;KADIPATEN;3210132004;KARANGSAMBUNG;2023;MANDIRI;9707;4862;4845;47;41;3326;375;625;113;327;860;4371;2495;756;547;40;0;0;1071;510;78;90;43;15;298;53;45;25;4;0;3;0;1;0;4;0;0;0;0;0;0;0
24642;3210;KAB. MAJALENGKA;321013;KADIPATEN;3210132005;LIANGJULANG;2023;MANDIRI;9830;5031;4799;16;6;3412;311;450;115;385;1178;4085;3029;1038;75;40;55;0;75;40;425;200;30;42;15;17;88;32;7;0;20;0;1;1;7;0;2;15;7;15;7;22
24643;3210;KAB. MAJALENGKA;321013;KADIPATEN;3210132006;PAGANDON;2023;MANDIRI;4733;2308;2425;18;60;1914;349;1202;32;40;801;2161;1137;562;422;200;0;0;307;13;101;106;36;18;109;112;327;28;3;0;2;0;0;0;3;2;1;250;500;250;500;750
24644;3210;KAB. MAJALENGKA;321013;KADIPATEN;3210132007;CIPAKU;2023;MAJU;2942;1485;1457;0;8;953;156;242;6;37;460;1090;1007;342;342;52;0;0;527;124;26;87;25;34;83;25;213;30;1;0;2;0;0;0;2;1;0;221;232;221;232;453
24645;3210;KAB. MAJALENGKA;321014;KERTAJATI;3210142001;PAKUBEUREUM;2023;MAJU;4646;2340;2306;32;90;1499;231;377;37;221;660;1815;1652;261;360;148;0;0;317;162;0;0;30;15;51;12;549;101;2;0;1;0;0;0;4;1;1;1029;864;1029;864;1893
24646;3210;KAB. MAJALENGKA;321014;KERTAJATI;3210142002;SUKAWANA;2023;MANDIRI;2407;1203;1204;49;30;929;15;100;36;97;381;1044;800;109;76;6;0;0;149;25;27;10;19;8;0;0;395;45;0;0;0;0;0;0;0;0;0;150;75;150;75;225
24647;3210;KAB. MAJALENGKA;321014;KERTAJATI;3210142003;KERTAWINANGUN;2023;MANDIRI;3133;1544;1589;35;52;898;239;283;30;146;497;1174;1080;222;100;25;0;0;200;84;50;9;19;3;5;1;400;97;1;0;1;0;1;1;2;1;2;2134;67;2134;67;2201
24648;3210;KAB. MAJALENGKA;321014;KERTAJATI;3210142004;PALASAH;2023;MANDIRI;3241;1599;1642;3;5;1307;60;0;12;140;439;1252;1083;314;649;262;0;0;394;162;25;50;10;5;45;14;25;15;0;0;2;0;0;0;4;2;0;0;0;0;0;0
24649;3210;KAB. MAJALENGKA;321014;KERTAJATI;3210142005;BABAKAN;2023;MANDIRI;5803;2886;2917;8;5;2190;334;497;23;264;654;2079;1968;815;1245;952;0;0;658;352;94;114;40;25;36;24;327;253;1;0;1;0;0;0;2;0;0;158;135;158;135;293
24650;3210;KAB. MAJALENGKA;321014;KERTAJATI;3210142006;KERTAJATI;2023;MANDIRI;4106;2003;2103;16;6;1541;23;180;10;217;646;1596;1292;342;319;77;0;0;71;25;15;15;15;14;48;12;676;94;1;0;2;0;0;0;5;1;1;862;1871;862;1871;2733
24651;3210;KAB. MAJALENGKA;321014;KERTAJATI;3210142007;BANTARJATI;2023;MAJU;1922;944;978;12;15;762;125;125;15;46;284;736;663;178;235;134;0;0;265;285;110;189;15;9;105;95;285;279;1;0;1;1;1;0;2;1;1;102;148;102;148;250
24652;3210;KAB. MAJALENGKA;321014;KERTAJATI;3210142008;PASIRIPIS;2023;MANDIRI;4101;2051;2050;120;19;1669;94;348;25;200;536;1441;1428;471;348;174;0;0;385;385;90;56;30;10;55;43;280;289;2;0;0;0;0;0;2;1;2;858;1090;858;1090;1948
24653;3210;KAB. MAJALENGKA;321014;KERTAJATI;3210142009;SUKAMULYA;2023;MAJU;3592;1718;1874;24;31;1282;274;118;11;135;541;1448;1171;273;384;73;0;0;110;15;26;49;5;2;47;39;538;227;10;1;3;0;0;0;3;4;0;394;359;394;359;753
24654;3210;KAB. MAJALENGKA;321014;KERTAJATI;3210142010;KERTASARI;2023;MAJU;2064;1022;1042;25;6;670;35;224;38;139;212;952;568;155;789;280;0;0;121;98;12;25;2;2;35;25;178;105;0;0;0;0;0;0;2;0;1;0;0;0;0;0
24655;3210;KAB. MAJALENGKA;321014;KERTAJATI;3210142011;MEKARJAYA;2023;MAJU;6415;3169;3246;36;29;2233;167;179;234;319;1150;1570;966;204;2379;1239;0;0;475;0;77;9;6;8;7;5;269;27;2;0;5;1;0;0;1;0;1;2;0;2;0;2
24656;3210;KAB. MAJALENGKA;321014;KERTAJATI;3210142012;MEKARMULYA;2023;MAJU;3758;1925;1833;27;16;1174;25;197;147;239;455;1552;1301;64;1385;1023;0;0;204;120;19;0;11;4;50;0;65;28;5;0;2;0;0;0;3;0;1;513;325;513;325;838
24657;3210;KAB. MAJALENGKA;321014;KERTAJATI;3210142013;SUKAKERTA;2023;MANDIRI;2337;1180;1157;54;43;833;131;43;23;136;355;895;766;162;66;7;0;0;353;33;12;9;1;2;8;1;251;17;0;0;0;0;0;0;1;2;1;353;1085;353;1085;1438
24658;3210;KAB. MAJALENGKA;321014;KERTAJATI;3210142014;SAHBANDAR;2023;BERKEMBANG;1485;741;744;21;2;544;78;9;23;92;202;570;531;67;154;140;0;0;284;58;25;15;2;2;50;30;167;37;0;0;0;0;0;0;1;0;0;70;47;70;47;117
24659;3210;KAB. MAJALENGKA;321015;JATITUJUH;3210152001;BIYAWAK;2023;MANDIRI;4303;2138;2165;15;7;1810;96;415;105;203;1210;1220;1212;353;1103;1105;0;0;1102;1105;50;120;13;9;109;9;110;121;0;0;0;0;0;0;4;2;2;524;512;524;512;1036
24660;3210;KAB. MAJALENGKA;321015;JATITUJUH;3210152002;PANYINGKIRAN;2023;MAJU;4725;2351;2374;3;9;1315;97;141;41;385;693;2082;1000;584;671;515;0;0;0;0;3;53;16;15;11;20;37;95;0;0;1;0;1;0;2;50;30;0;0;0;0;0
24661;3210;KAB. MAJALENGKA;321015;JATITUJUH;3210152003;PANONGAN;2023;MANDIRI;4328;2121;2207;10;15;1579;269;290;20;233;720;1780;1279;282;100;50;0;0;290;330;40;80;48;27;30;35;683;60;0;0;2;0;0;0;1;0;2;1319;1329;1319;1329;2648
24662;3210;KAB. MAJALENGKA;321015;JATITUJUH;3210152004;RANDEGAN WETAN;2023;MANDIRI;3577;1745;1832;29;40;1358;69;45;83;210;542;1449;1050;327;390;310;0;0;340;320;5;15;9;9;3;1;50;30;0;0;0;0;0;0;1;0;0;0;0;0;0;0
24663;3210;KAB. MAJALENGKA;321015;JATITUJUH;3210152005;PUTRIDALEM;2023;MANDIRI;3325;1656;1669;15;23;1081;1034;47;2;179;486;1316;1116;129;100;321;0;0;201;120;75;32;2;3;0;0;497;6;0;0;0;0;0;0;1;1;3;27;11;27;11;38
24664;3210;KAB. MAJALENGKA;321015;JATITUJUH;3210152006;JATITENGAH;2023;MANDIRI;5201;3731;1470;30;40;1627;286;179;73;250;1310;1830;1200;639;299;81;1;0;200;215;175;325;45;75;41;9;78;90;5;0;4;0;0;2;5;0;3;236;600;236;600;836
24665;3210;KAB. MAJALENGKA;321015;JATITUJUH;3210152007;JATITUJUH;2023;MANDIRI;5768;2795;2973;21;7;1845;309;617;95;297;932;1972;2019;481;705;926;0;0;532;761;106;237;68;127;248;51;971;104;2;0;2;0;1;0;2;0;0;0;0;0;0;0
24666;3210;KAB. MAJALENGKA;321015;JATITUJUH;3210152008;BABAJURANG;2023;MAJU;1115;545;570;2;2;440;23;89;13;62;145;447;340;108;135;421;0;0;14;20;0;0;3;7;0;0;15;19;0;0;0;0;0;0;1;0;0;2;0;2;0;2
24667;3210;KAB. MAJALENGKA;321015;JATITUJUH;3210152009;PILANGSARI;2023;MANDIRI;4683;2315;2368;21;84;1911;189;35;49;84;179;765;838;197;502;478;0;0;172;77;84;46;9;5;23;19;175;21;6;0;5;0;0;0;2;1;2;98;35;98;35;133
24668;3210;KAB. MAJALENGKA;321015;JATITUJUH;3210152010;JATIRAGA;2023;MAJU;2238;1152;1086;17;12;730;52;317;46;179;344;768;756;145;78;23;0;0;150;60;60;37;35;5;47;26;28;7;1;0;0;0;0;0;0;0;3;0;0;0;0;0
24669;3210;KAB. MAJALENGKA;321015;JATITUJUH;3210152011;SUMBER WETAN;2023;MANDIRI;4253;2115;2138;8;17;1421;241;984;77;330;825;1804;1018;215;928;847;0;0;729;824;493;364;24;4;12;23;268;186;3;0;3;0;0;0;4;0;1;0;0;0;0;0
24670;3210;KAB. MAJALENGKA;321015;JATITUJUH;3210152012;PANGKALANPARI;2023;MAJU;4282;2132;2150;12;8;1432;175;984;77;331;827;1809;1020;216;328;368;0;0;167;253;128;43;10;3;24;4;138;186;0;0;2;0;0;0;3;1;2;76;21;76;21;97
24671;3210;KAB. MAJALENGKA;321015;JATITUJUH;3210152013;RANDEGAN KULON;2023;MAJU;3716;1824;1892;20;15;1232;35;500;60;80;200;300;350;190;90;75;0;0;70;30;60;70;15;8;20;15;60;50;0;0;0;0;0;0;0;0;6;300;349;300;349;649
24672;3210;KAB. MAJALENGKA;321015;JATITUJUH;3210152014;SUMBER KULON;2023;MANDIRI;3614;1790;1824;21;12;1128;167;464;65;280;345;1527;1246;655;209;63;0;0;541;540;50;20;4;7;17;3;18;5;0;0;3;0;0;0;0;0;0;0;0;0;0;0
24673;3210;KAB. MAJALENGKA;321015;JATITUJUH;3210152015;PASINDANGAN;2023;MANDIRI;2575;1236;1339;15;7;823;55;395;55;215;559;1090;624;112;50;30;0;0;600;580;50;60;35;2;20;18;80;70;0;0;0;0;0;0;0;0;0;560;648;560;648;1208
24674;3210;KAB. MAJALENGKA;321016;LIGUNG;3210162001;CIBOGOR;2023;MAJU;3026;1486;1540;3;0;1057;175;332;35;174;481;977;1031;328;335;335;0;0;356;356;107;125;18;16;21;20;175;192;1;0;0;0;0;1;2;2;1;0;0;0;0;0
24675;3210;KAB. MAJALENGKA;321016;LIGUNG;3210162002;BEBER;2023;MANDIRI;4046;2012;2034;31;37;1295;204;115;60;252;507;1750;1169;308;181;121;0;0;208;404;16;134;22;34;18;12;70;15;4;0;2;0;1;1;3;2;0;0;0;0;0;0
24676;3210;KAB. MAJALENGKA;321016;LIGUNG;3210162003;BEUSI;2023;MAJU;5125;2555;2570;0;1;1899;401;353;133;254;1171;1664;1357;546;680;393;0;0;608;312;157;301;16;20;11;17;43;27;8;0;6;0;0;0;1;3;5;0;0;0;0;0
24677;3210;KAB. MAJALENGKA;321016;LIGUNG;3210162004;TEGALAREN;2023;MAJU;2303;1136;1167;8;4;780;110;262;20;129;147;890;762;355;1;162;0;0;290;27;22;56;6;5;25;17;9;28;3;0;0;0;0;0;2;0;1;22;9;22;9;31
24678;3210;KAB. MAJALENGKA;321016;LIGUNG;3210162005;BUNTU;2023;MANDIRI;3525;1769;1756;0;0;1307;261;0;95;84;350;1418;1388;190;333;152;0;0;250;222;250;335;15;5;17;8;9;8;9;0;0;0;0;0;4;2;0;0;0;0;0;0
24679;3210;KAB. MAJALENGKA;321016;LIGUNG;3210162006;LIGUNG;2023;MAJU;3725;1569;2156;150;160;1335;250;230;114;281;634;1674;977;45;401;335;0;0;140;110;12;13;8;12;6;8;8;3;0;0;2;0;0;0;2;0;2;0;0;0;0;0
24680;3210;KAB. MAJALENGKA;321016;LIGUNG;3210162007;WANASALAM;2023;MAJU;3076;1515;1561;7;6;1190;227;327;107;149;479;907;856;578;325;319;0;0;543;524;75;93;11;31;44;1;118;111;2;0;2;0;0;1;2;0;0;0;0;0;0;0
24681;3210;KAB. MAJALENGKA;321016;LIGUNG;3210162008;AMPEL;2023;MAJU;4955;2327;2628;8;1;1613;794;300;23;265;254;2140;1451;391;1201;1000;0;0;232;102;6;3;5;9;10;16;120;143;3;0;1;0;0;0;4;4;0;400;400;400;400;800
24682;3210;KAB. MAJALENGKA;321016;LIGUNG;3210162009;BANTARWARU;2023;MANDIRI;3844;1883;1961;53;49;1290;276;253;30;179;581;1510;1269;275;28;9;1;0;92;39;87;12;20;13;678;677;44;32;1;0;2;0;0;0;2;0;1;798;1070;798;1070;1868
24683;3210;KAB. MAJALENGKA;321016;LIGUNG;3210162010;MAJASARI;2023;MAJU;4458;2251;2207;2;1;1482;160;176;191;173;936;2067;944;58;820;741;0;0;8;12;122;193;6;8;220;282;22;15;1;0;2;0;0;0;4;0;3;220;287;220;287;507
24684;3210;KAB. MAJALENGKA;321016;LIGUNG;3210162011;KEDUNGKENCANA;2023;MAJU;3229;1656;1573;6;7;1107;176;500;38;131;500;1197;999;338;200;100;0;0;600;300;90;80;6;3;25;15;150;250;2;0;2;0;0;0;2;0;3;412;300;412;300;712
24685;3210;KAB. MAJALENGKA;321016;LIGUNG;3210162012;KERTASARI;2023;BERKEMBANG;3697;1834;1863;22;40;1401;54;154;46;239;501;1331;1329;251;418;62;0;0;506;305;50;60;29;5;420;12;63;10;2;0;2;0;0;0;1;0;0;0;0;0;0;0
24686;3210;KAB. MAJALENGKA;321016;LIGUNG;3210162013;LEUWEUNGHAPIT;2023;MAJU;2645;1324;1321;36;32;941;220;380;23;114;335;878;936;359;380;41;0;0;382;218;120;31;4;1;270;105;246;325;1;0;0;0;0;0;1;0;0;241;280;241;280;521
24687;3210;KAB. MAJALENGKA;321016;LIGUNG;3210162014;LIGUNG LOR;2023;MAJU;3974;1955;2019;169;185;1088;200;182;44;153;584;1480;1390;324;1000;735;0;0;41;40;200;205;10;5;40;53;14;10;0;0;1;0;0;0;3;1;0;100;146;100;146;246
24688;3210;KAB. MAJALENGKA;321016;LIGUNG;3210162015;SUKAWERA;2023;BERKEMBANG;2887;1461;1426;2;2;1140;195;945;6;32;354;675;1235;585;270;95;0;0;343;120;171;253;12;16;87;52;129;28;3;0;2;0;0;0;4;2;0;0;0;0;0;0
24689;3210;KAB. MAJALENGKA;321016;LIGUNG;3210162016;GANDAWESI;2023;MANDIRI;4079;2060;2019;20;9;1505;330;20;40;191;629;1534;1359;326;490;15;0;0;550;150;244;450;20;18;103;45;462;148;41;0;1;0;3;0;6;1;8;531;230;531;230;761
24690;3210;KAB. MAJALENGKA;321016;LIGUNG;3210162017;KODASARI;2023;MAJU;3084;1462;1622;32;23;1186;35;0;30;50;512;1119;1243;130;286;236;0;0;89;78;64;92;18;4;71;87;43;71;4;0;1;0;0;0;3;0;2;0;0;0;0;0
24691;3210;KAB. MAJALENGKA;321016;LIGUNG;3210162018;LEUWILIANG BARU;2023;BERKEMBANG;2106;1018;1088;0;1;792;188;25;15;30;225;895;799;142;79;55;0;0;358;187;17;35;11;5;132;25;215;19;2;0;1;0;0;0;2;0;0;175;25;175;25;200
24692;3210;KAB. MAJALENGKA;321016;LIGUNG;3210162019;KEDUNGSARI;2023;MAJU;1895;965;930;8;4;674;123;616;100;20;128;60;102;134;201;74;0;0;77;200;7;29;3;0;0;0;31;19;2;0;1;0;1;2;4;1;9;21;7;21;7;28
24693;3210;KAB. MAJALENGKA;321017;SUMBERJAYA;3210172001;BONGAS WETAN;2023;MANDIRI;6520;3249;3271;23;15;2534;390;607;98;458;816;2972;2431;747;15;6;0;0;465;200;31;278;29;43;31;278;98;25;2;0;1;1;1;2;3;1;3;806;659;806;659;1465
24694;3210;KAB. MAJALENGKA;321017;SUMBERJAYA;3210172002;BONGAS KULON;2023;MANDIRI;3647;1775;1872;11;5;1269;204;150;30;209;537;1682;709;480;792;37;0;0;486;81;93;49;18;4;93;49;333;13;1;0;1;0;0;0;4;5;10;5;5;5;5;10
24695;3210;KAB. MAJALENGKA;321017;SUMBERJAYA;3210172003;GARAWANGI;2023;MANDIRI;6018;3060;2958;41;38;2146;36;59;59;342;1002;2255;1933;464;165;112;0;0;89;167;249;169;30;13;90;24;1016;716;5;0;3;0;1;0;2;1;7;355;1683;355;1683;2038
24696;3210;KAB. MAJALENGKA;321017;SUMBERJAYA;3210172004;RANCAPUTAT;2023;MANDIRI;2489;1250;1239;0;0;776;125;325;62;130;370;526;304;243;116;83;0;0;175;153;562;378;24;13;153;231;379;643;0;0;2;0;0;0;2;1;2;276;467;276;467;743
24697;3210;KAB. MAJALENGKA;321017;SUMBERJAYA;3210172005;BANJARAN;2023;MANDIRI;3560;1835;1725;50;100;1138;173;240;807;40;807;2000;700;116;21;18;0;0;30;20;230;178;15;11;50;19;392;64;1;0;1;0;0;0;3;5;7;1439;585;1439;585;2024
24698;3210;KAB. MAJALENGKA;321017;SUMBERJAYA;3210172006;SEPAT;2023;MANDIRI;1436;727;709;12;17;511;80;287;10;78;197;550;418;64;5;5;1;0;30;1;66;40;10;8;100;98;181;10;0;0;0;0;0;0;1;0;1;100;100;100;100;200
24699;3210;KAB. MAJALENGKA;321017;SUMBERJAYA;3210172007;PANINGKIRAN;2023;MANDIRI;4470;2403;2067;67;94;1393;361;201;67;172;712;1763;1009;546;15;3;0;0;75;44;734;553;23;20;43;21;537;491;10;4;12;5;7;8;7;2;4;367;287;367;287;654
24700;3210;KAB. MAJALENGKA;321017;SUMBERJAYA;3210172008;PARAPATAN;2023;MAJU;1937;994;943;8;5;792;225;80;29;86;313;480;230;147;1;0;0;0;0;0;93;254;15;10;70;0;120;80;3;0;1;0;0;0;3;0;4;75;15;75;15;90
24701;3210;KAB. MAJALENGKA;321017;SUMBERJAYA;3210172009;PANJALIN KIDUL;2023;MANDIRI;13753;6854;6899;32;253;3568;485;1180;209;980;2952;5362;3563;491;284;131;2;0;105;45;269;354;67;48;215;176;2256;1941;5;0;8;0;2;1;8;5;19;3804;4496;3804;4496;8300
24702;3210;KAB. MAJALENGKA;321017;SUMBERJAYA;3210172010;CIDENOK;2023;MAJU;3448;1724;1724;100;77;1087;1418;137;51;140;447;431;90;337;500;300;0;0;300;250;120;200;15;7;20;50;150;200;5;0;0;0;0;0;1;0;5;600;300;600;300;900
24703;3210;KAB. MAJALENGKA;321017;SUMBERJAYA;3210172011;LOJIKOBONG;2023;MANDIRI;5392;2668;2724;6;9;2078;524;539;75;294;822;2023;1785;393;97;6;0;0;288;49;235;412;15;9;189;76;763;62;0;0;3;0;0;1;4;1;0;1077;2105;1077;2105;3182
24704;3210;KAB. MAJALENGKA;321017;SUMBERJAYA;3210172012;PANJALIN LOR;2023;MANDIRI;6375;2857;3518;0;0;2096;201;217;0;364;810;1398;78;37;607;11;0;0;2548;0;269;0;5;4;53;0;50;20;1;0;1;0;0;0;1;0;4;0;0;0;0;0
24705;3210;KAB. MAJALENGKA;321017;SUMBERJAYA;3210172013;SUMBERJAYA;2023;MANDIRI;5101;2533;2568;52;29;1741;882;1300;155;319;435;2340;1468;345;750;60;0;0;1300;200;345;321;33;20;32;23;420;135;5;0;1;0;2;1;2;4;3;2;0;2;0;2
24706;3210;KAB. MAJALENGKA;321017;SUMBERJAYA;3210172014;PANCAKSUJI;2023;MANDIRI;2001;1014;987;11;48;798;19;100;205;334;563;355;218;300;250;150;0;0;275;125;100;50;10;5;10;0;400;131;0;0;0;0;0;0;2;2;2;10;0;10;0;10
24707;3210;KAB. MAJALENGKA;321017;SUMBERJAYA;3210172015;GELOK MULYA;2023;MAJU;2127;1088;1039;12;6;664;96;90;42;77;325;916;654;113;36;13;0;0;87;23;89;80;5;5;31;27;195;29;1;0;1;0;0;0;1;1;3;760;958;760;958;1718
24708;3210;KAB. MAJALENGKA;321018;PANYINGKIRAN;3210182001;CIJUREY;2023;MANDIRI;2678;1317;1361;11;6;896;62;28;34;172;458;1073;719;222;196;136;0;0;342;289;22;64;5;2;56;19;224;17;1;0;0;0;0;0;2;0;2;0;0;0;0;0
24709;3210;KAB. MAJALENGKA;321018;PANYINGKIRAN;3210182002;PASIRMUNCANG;2023;MANDIRI;3398;1636;1762;43;57;1249;244;130;37;238;489;1189;915;597;572;123;0;0;1355;1677;0;27;23;16;200;140;450;190;0;0;3;0;0;1;1;1;2;73;54;73;54;127
24710;3210;KAB. MAJALENGKA;321018;PANYINGKIRAN;3210182003;JATIPAMOR;2023;MANDIRI;3481;1746;1735;6;9;1176;51;406;8;67;276;630;583;1815;130;20;0;0;178;89;241;88;46;29;0;0;158;34;7;0;5;0;0;0;5;0;0;105;153;105;153;258
24711;3210;KAB. MAJALENGKA;321018;PANYINGKIRAN;3210182004;BANTRANGSANA;2023;MAJU;1565;781;784;16;24;541;131;155;113;184;213;451;426;179;33;15;0;0;195;65;15;12;3;2;10;0;10;30;5;0;0;0;0;1;1;0;3;184;181;184;181;365
24712;3210;KAB. MAJALENGKA;321018;PANYINGKIRAN;3210182005;JATISERANG;2023;MANDIRI;3457;1716;1741;15;17;1255;233;389;111;115;673;1125;1036;397;323;77;0;0;647;155;5;20;27;25;10;4;45;41;1;0;3;1;0;0;0;1;2;49;8;49;8;57
24713;3210;KAB. MAJALENGKA;321018;PANYINGKIRAN;3210182006;BONANG;2023;MANDIRI;3486;1774;1712;5;5;1202;210;992;64;270;673;1475;2118;175;46;3;0;0;18;41;126;41;10;4;64;61;31;27;0;0;5;1;0;0;3;1;3;528;604;528;604;1132
24714;3210;KAB. MAJALENGKA;321018;PANYINGKIRAN;3210182007;LEUWISEENG;2023;MAJU;4904;2556;2348;3;46;1762;0;469;91;281;764;1951;1597;300;60;15;0;0;412;114;162;148;12;13;173;150;14;10;1;0;0;0;0;0;3;3;0;580;370;580;370;950
24715;3210;KAB. MAJALENGKA;321018;PANYINGKIRAN;3210182008;PANYINGKIRAN;2023;MANDIRI;4190;2055;2135;34;20;1306;168;338;66;163;696;1576;1413;335;110;0;1;0;0;0;15;38;29;0;180;0;505;0;5;0;5;0;4;0;1;1;2;1272;0;1272;0;1272
24716;3210;KAB. MAJALENGKA;321018;PANYINGKIRAN;3210182009;KARYAMUKTI;2023;MANDIRI;5467;2775;2692;69;75;1897;70;330;50;332;870;2090;1781;344;995;295;0;0;358;0;0;0;259;0;0;0;1238;0;0;0;0;0;11;0;7;3;0;0;0;0;0;0
24717;3210;KAB. MAJALENGKA;321019;PALASAH;3210192001;MAJASUKA;2023;MAJU;3177;1592;1585;3;2;1048;191;111;45;173;541;1266;981;216;18;0;0;0;95;1;101;45;17;12;99;38;421;13;2;0;1;0;0;0;3;2;3;247;893;247;893;1140
24718;3210;KAB. MAJALENGKA;321019;PALASAH;3210192002;CISAMBENG;2023;MAJU;4810;2431;2379;0;3;1657;216;259;290;426;722;1330;1114;421;165;40;0;0;76;42;500;470;45;32;50;40;605;393;4;0;4;0;0;0;2;0;4;450;450;450;450;900
24719;3210;KAB. MAJALENGKA;321019;PALASAH;3210192003;PALASAH;2023;MAJU;3833;1948;1885;1;7;1057;134;150;52;234;596;1530;1123;298;632;30;0;0;125;300;200;150;10;6;56;80;120;35;0;0;0;0;0;0;2;0;0;1062;1025;1062;1025;2087
24720;3210;KAB. MAJALENGKA;321019;PALASAH;3210192004;WERAGATI;2023;MANDIRI;4166;2060;2106;2;6;1182;413;0;19;119;691;1633;1450;508;84;0;0;0;137;0;7;2;30;9;134;9;810;65;3;0;0;0;1;1;1;0;3;1358;1512;1358;1512;2870
24721;3210;KAB. MAJALENGKA;321019;PALASAH;3210192005;TRAJAYA;2023;MANDIRI;4592;2252;2340;11;2;1698;357;20;92;182;667;1601;1609;441;24;2;0;0;258;97;126;21;31;25;117;10;563;12;1;0;0;0;1;0;2;1;1;1912;1384;1912;1384;3296
24722;3210;KAB. MAJALENGKA;321019;PALASAH;3210192006;TARIKOLOT;2023;MANDIRI;5124;2552;2572;11;12;1664;367;209;70;255;732;2113;1522;432;379;64;0;0;672;495;432;526;26;16;49;17;609;25;5;0;3;0;1;0;2;1;4;377;1421;377;1421;1798
24723;3210;KAB. MAJALENGKA;321019;PALASAH;3210192007;BUNIWANGI;2023;MAJU;2878;1468;1410;2;3;928;159;769;33;102;484;1011;993;255;503;400;0;0;213;103;61;87;30;13;5;25;263;11;0;0;0;0;0;0;1;1;1;167;321;167;321;488
24724;3210;KAB. MAJALENGKA;321019;PALASAH;3210192008;SINDANGHAJI;2023;MAJU;5121;2478;2643;20;28;1905;285;300;48;98;721;1784;1660;810;124;76;0;0;200;236;63;115;220;20;150;97;700;470;3;0;1;0;0;0;1;0;3;155;107;155;107;262
24725;3210;KAB. MAJALENGKA;321019;PALASAH;3210192009;WARINGIN;2023;MANDIRI;8805;4463;4342;20;16;4330;4030;855;144;286;1250;3250;2879;995;1450;1230;0;0;295;220;398;360;41;38;525;92;1235;710;2;0;2;1;0;1;7;4;10;45;25;45;25;70
24726;3210;KAB. MAJALENGKA;321019;PALASAH;3210192010;PASIR;2023;MAJU;3146;1585;1561;12;7;993;463;246;125;103;306;1305;989;318;473;345;0;0;358;313;70;52;6;7;266;163;689;236;0;0;0;0;0;0;1;1;1;7;5;7;5;12
24727;3210;KAB. MAJALENGKA;321019;PALASAH;3210192011;KARAMAT;2023;MAJU;3508;1791;1717;25;15;1211;183;270;23;13;224;1417;1321;433;412;988;0;0;85;14;32;16;8;2;136;48;337;42;0;0;0;0;0;0;2;1;5;44;24;44;24;68
24728;3210;KAB. MAJALENGKA;321019;PALASAH;3210192012;ENGGALWANGI;2023;BERKEMBANG;3116;1412;1704;7;3;1171;234;363;50;124;557;1254;1030;101;340;102;0;0;350;114;61;72;23;21;81;30;321;115;0;0;0;0;0;1;2;0;2;231;68;231;68;299
24729;3210;KAB. MAJALENGKA;321019;PALASAH;3210192013;SINDANGWASA;2023;MAJU;2239;1113;1126;15;5;746;124;70;86;146;409;754;597;247;433;122;0;0;119;66;265;133;5;7;76;22;154;4;3;0;2;0;0;0;0;0;2;78;0;78;0;78
24730;3210;KAB. MAJALENGKA;321020;CIGASONG;3210202001;KAWUNGHILIR;2023;MANDIRI;823;403;420;37;18;306;50;102;29;37;86;374;230;67;5;0;0;0;106;21;23;17;21;1;16;8;27;12;1;0;0;0;0;0;1;0;1;29;38;29;38;67
24731;3210;KAB. MAJALENGKA;321020;CIGASONG;3210202002;TAJUR;2023;MAJU;3010;1510;1500;3;6;993;165;156;59;63;816;1107;668;305;187;19;0;0;341;95;50;29;45;15;47;26;75;38;1;0;4;0;0;0;2;0;0;237;258;237;258;495
24732;3210;KAB. MAJALENGKA;321020;CIGASONG;3210202003;TENJOLAYAR;2023;MANDIRI;4616;2413;2203;42;8;1720;268;173;87;405;866;1014;1793;451;152;149;0;0;105;95;35;63;62;19;137;115;113;23;482;0;4;0;1;0;3;4;2;408;15;408;15;423
24733;3210;KAB. MAJALENGKA;321020;CIGASONG;3210202007;BARIBIS;2023;MAJU;4461;2269;2192;47;45;1477;20;80;76;369;685;1631;1234;370;250;200;0;0;600;225;250;0;80;32;85;0;200;15;5;2;1;2;3;2;7;3;2;500;100;500;100;600
24734;3210;KAB. MAJALENGKA;321020;CIGASONG;3210202008;BATUJAYA;2023;MAJU;2966;1498;1468;12;22;970;119;482;33;110;335;1198;934;232;51;3;0;0;503;48;59;53;8;1;0;0;58;100;2;0;2;0;0;0;1;1;2;55;0;55;0;55
24735;3210;KAB. MAJALENGKA;321020;CIGASONG;3210202009;KUTAMANGGU;2023;MANDIRI;3195;1628;1567;51;39;1083;175;383;21;152;419;1122;1051;354;122;9;0;0;131;26;166;121;22;26;161;102;257;33;13;2;2;2;2;2;4;3;11;120;8;120;8;128
24736;3210;KAB. MAJALENGKA;321020;CIGASONG;3210202010;KARAYUNAN;2023;MANDIRI;4601;2306;2295;32;25;1396;149;247;182;92;671;1775;1522;2679;44;5;0;0;46;5;48;30;27;143;27;480;13;120;6;1;8;2;2;3;4;3;2;100;25;100;25;125
24737;3210;KAB. MAJALENGKA;321021;SINDANGWANGI;3210212001;BANTARAGUNG;2023;MANDIRI;3924;2010;1914;4;2;1381;226;629;34;191;569;1539;1327;264;466;32;0;0;50;16;0;0;7;8;27;30;440;229;0;0;2;0;0;0;2;1;0;1458;1156;1458;1156;2614
24738;3210;KAB. MAJALENGKA;321021;SINDANGWANGI;3210212002;PADAHERANG;2023;MAJU;1943;976;967;24;27;703;115;296;38;92;257;708;681;167;36;2;0;0;68;28;18;17;2;2;0;0;472;10;0;0;0;0;0;0;0;1;2;583;686;583;686;1269
24739;3210;KAB. MAJALENGKA;321021;SINDANGWANGI;3210212003;LENGKONG KULON;2023;MAJU;3059;1523;1536;7;10;1059;75;215;17;287;387;1252;963;153;234;10;0;0;501;85;64;40;7;7;27;24;800;145;2;0;3;0;0;0;2;4;3;0;0;0;0;0
24740;3210;KAB. MAJALENGKA;321021;SINDANGWANGI;3210212004;JERUKLEUEUT;2023;MANDIRI;3046;1519;1527;9;2;1006;56;200;20;321;546;1135;717;185;43;20;0;0;85;18;50;70;18;10;100;34;439;123;2;0;3;0;0;0;5;3;6;0;0;0;0;0
24741;3210;KAB. MAJALENGKA;321021;SINDANGWANGI;3210212005;SINDANGWANGI;2023;MANDIRI;4703;2356;2347;41;49;1557;225;480;160;166;632;1979;1609;179;260;120;0;0;374;312;230;211;14;20;24;18;355;315;0;0;4;0;0;0;1;1;2;1232;1232;1232;1232;2464
24742;3210;KAB. MAJALENGKA;321021;SINDANGWANGI;3210212006;BUAHKAPAS;2023;MAJU;1600;811;789;15;8;468;19;84;17;84;235;671;487;95;411;111;0;0;220;110;32;14;15;3;1;3;50;0;0;0;0;0;0;0;1;0;0;30;70;30;70;100
24743;3210;KAB. MAJALENGKA;321021;SINDANGWANGI;3210212007;UJUNGBERUNG;2023;MAJU;3367;1691;1676;15;10;1068;116;135;87;178;606;1245;1017;234;29;11;0;0;79;35;76;43;16;7;53;31;673;34;0;0;2;0;1;1;1;4;8;705;1558;705;1558;2263
24744;3210;KAB. MAJALENGKA;321021;SINDANGWANGI;3210212008;BALAGEDOG;2023;MAJU;5025;2606;2419;7;1;1807;281;634;25;294;755;2110;1474;413;185;125;0;0;167;50;72;45;11;6;12;21;20;30;0;0;2;0;0;0;2;2;3;1485;1315;1485;1315;2800
24745;3210;KAB. MAJALENGKA;321021;SINDANGWANGI;3210212009;LEUWILAJA;2023;MAJU;4322;2226;2096;31;39;1631;342;158;80;226;670;1561;1464;334;242;0;0;0;721;42;739;524;19;5;103;74;82;43;3;0;4;0;0;1;6;2;5;1824;1422;1824;1422;3246
24746;3210;KAB. MAJALENGKA;321021;SINDANGWANGI;3210212010;LENGKONG WETAN;2023;MAJU;3089;1595;1494;5;7;1045;53;177;34;202;467;1370;921;210;213;48;0;0;558;272;105;30;15;14;70;17;292;264;0;0;2;0;2;1;1;1;3;46;89;46;89;135
24747;3210;KAB. MAJALENGKA;321022;BANJARAN;3210222001;GENTENG;2023;MAJU;2305;1169;1136;29;25;767;118;371;25;68;237;926;518;531;60;5;0;0;12;1;25;30;24;26;13;18;79;6;2;0;2;0;0;0;3;0;1;0;0;0;0;0
24748;3210;KAB. MAJALENGKA;321022;BANJARAN;3210222002;SUNIA;2023;MAJU;3292;1634;1658;10;28;1154;95;270;19;138;393;1201;976;350;690;680;0;0;830;30;0;0;15;6;0;0;37;15;0;0;0;0;0;0;2;0;0;0;0;0;0;0
24749;3210;KAB. MAJALENGKA;321022;BANJARAN;3210222003;DARMALARANG;2023;MAJU;1471;715;756;7;4;553;119;80;10;68;169;512;524;188;486;314;0;0;52;31;5;15;4;4;32;30;35;55;1;0;3;0;0;0;3;2;0;48;40;48;40;88
24750;3210;KAB. MAJALENGKA;321022;BANJARAN;3210222004;SINDANGPALA;2023;MAJU;985;459;526;2;1;396;105;119;35;29;63;201;407;265;95;26;0;0;35;18;1;1;56;12;23;0;23;14;1;0;0;0;1;0;1;3;2;0;0;0;0;0
24751;3210;KAB. MAJALENGKA;321022;BANJARAN;3210222005;BANJARAN;2023;MANDIRI;2480;1223;1257;4;10;834;85;237;74;24;332;950;806;294;450;130;0;0;750;459;11;9;43;36;13;8;318;235;5;1;0;0;0;3;3;2;3;1;0;1;0;1
24752;3210;KAB. MAJALENGKA;321022;BANJARAN;3210222006;KAGOK;2023;MAJU;1773;906;867;6;4;629;93;281;34;138;114;775;456;256;781;56;0;0;202;141;0;2;28;9;38;7;24;47;1;0;0;0;0;0;2;1;2;142;15;142;15;157
24753;3210;KAB. MAJALENGKA;321022;BANJARAN;3210222007;CIMEONG;2023;MANDIRI;2414;1206;1208;1;3;874;168;0;16;61;311;838;887;301;526;112;0;0;180;100;10;3;46;15;15;3;266;0;3;0;0;0;0;0;2;1;4;0;1;0;1;1
24754;3210;KAB. MAJALENGKA;321022;BANJARAN;3210222008;PANYINDANGAN;2023;MAJU;779;394;385;9;3;288;41;130;11;43;82;256;283;104;76;4;0;0;25;5;2;2;19;6;8;10;89;5;1;0;1;0;0;0;2;0;1;0;0;0;0;0
24755;3210;KAB. MAJALENGKA;321022;BANJARAN;3210222009;KAREO;2023;MAJU;1097;530;567;6;4;405;27;243;22;37;162;357;386;132;33;6;0;0;13;2;27;5;12;7;1;0;108;5;0;0;0;0;0;0;0;1;4;101;285;101;285;386
24756;3210;KAB. MAJALENGKA;321022;BANJARAN;3210222010;SANGIANG;2023;MAJU;2711;1345;1366;55;63;1026;178;356;22;126;378;984;924;277;615;335;0;0;210;183;20;15;14;11;25;21;122;49;0;0;0;0;0;0;0;0;1;37;12;37;12;49
24757;3210;KAB. MAJALENGKA;321022;BANJARAN;3210222011;SUNIA BARU;2023;MAJU;3003;1490;1513;56;23;1066;192;325;46;119;680;1346;589;219;569;186;0;0;40;35;0;0;18;14;0;0;208;0;2;0;2;0;0;0;3;4;3;0;0;0;0;0
24758;3210;KAB. MAJALENGKA;321022;BANJARAN;3210222012;HEGARMANAH;2023;MANDIRI;1508;753;755;0;0;523;0;0;45;91;214;563;467;176;124;9;0;0;38;20;5;3;8;7;19;18;318;323;0;0;0;0;0;0;0;1;0;273;238;273;238;511
24759;3210;KAB. MAJALENGKA;321022;BANJARAN;3210222013;GIRIMULYA;2023;MANDIRI;2599;1276;1323;31;16;990;211;153;32;98;379;879;891;306;201;124;0;0;137;133;3;3;15;9;58;23;332;202;1;0;1;0;2;0;1;2;0;330;869;330;869;1199
24760;3210;KAB. MAJALENGKA;321023;CINGAMBUL;3210232001;SEDAREJA;2023;MAJU;3186;1626;1560;4;11;1199;115;465;61;134;480;1440;827;207;881;25;0;0;817;135;30;20;10;5;4;1;124;42;0;0;0;0;0;0;3;0;0;18;152;18;152;170
24761;3210;KAB. MAJALENGKA;321023;CINGAMBUL;3210232002;CIDADAP;2023;MAJU;2799;1429;1370;6;9;825;27;350;50;200;343;1160;665;140;109;127;0;0;1135;1230;0;0;5;5;0;0;110;30;0;0;0;0;0;0;2;1;1;30;21;30;21;51
24762;3210;KAB. MAJALENGKA;321023;CINGAMBUL;3210232003;MANIIS;2023;BERKEMBANG;6652;3383;3269;36;76;2056;312;520;62;551;593;1763;3012;701;3000;341;0;0;600;89;29;15;29;6;100;58;118;0;1;0;1;0;0;0;3;0;1;0;0;0;0;0
24763;3210;KAB. MAJALENGKA;321023;CINGAMBUL;3210232004;NAGARAKEMBANG;2023;MAJU;3543;1797;1746;0;0;1238;271;630;95;309;722;1480;836;101;137;162;0;0;241;337;6;7;4;3;18;11;30;10;2;0;2;2;0;0;0;0;1;0;0;0;0;0
24764;3210;KAB. MAJALENGKA;321023;CINGAMBUL;3210232005;WANGKELANG;2023;MANDIRI;6125;3081;3044;11;20;1889;387;473;72;257;1067;2125;1632;972;235;225;0;0;126;116;0;0;2;5;0;0;248;248;0;0;0;0;0;1;4;0;8;10;2;10;2;12
24765;3210;KAB. MAJALENGKA;321023;CINGAMBUL;3210232006;CIMANGGUGIRANG;2023;MAJU;2420;1202;1218;0;0;724;135;441;44;187;468;1023;577;122;23;39;0;0;23;39;4;0;18;13;5;11;290;11;0;0;0;0;2;0;2;0;2;0;0;0;0;0
24766;3210;KAB. MAJALENGKA;321023;CINGAMBUL;3210232007;CINGAMBUL;2023;MANDIRI;3570;1791;1779;8;18;1034;40;120;32;155;484;1355;1107;437;619;93;0;0;40;67;20;40;36;25;6;4;12;11;0;0;2;0;0;1;2;0;4;47;34;47;34;81
24767;3210;KAB. MAJALENGKA;321023;CINGAMBUL;3210232008;CIKONDANG;2023;MANDIRI;1545;788;757;6;3;557;62;157;11;32;235;576;496;195;115;56;0;0;302;58;80;30;24;10;107;8;9;19;1;0;1;0;0;1;2;5;2;12;9;12;9;21
24768;3210;KAB. MAJALENGKA;321023;CINGAMBUL;3210232009;CIRANJENG;2023;MANDIRI;1528;760;768;0;0;497;102;216;14;87;257;596;472;102;111;13;0;0;13;2;3;9;5;5;0;0;31;3;1;0;1;0;0;0;2;0;1;153;46;153;46;199
24769;3210;KAB. MAJALENGKA;321023;CINGAMBUL;3210232010;RAWA;2023;MAJU;6581;3339;3242;10;7;1535;200;450;146;620;1209;1806;1672;437;2501;1300;0;0;987;500;0;0;14;12;430;300;20;23;0;0;0;0;1;0;1;0;0;122;80;122;80;202
24770;3210;KAB. MAJALENGKA;321023;CINGAMBUL;3210232011;KONDANGMEKAR;2023;MAJU;1582;794;788;18;11;550;85;292;27;96;261;571;451;176;213;9;0;0;140;21;0;0;2;5;0;0;126;13;0;0;0;0;0;0;1;0;1;137;3;137;3;140
24771;3210;KAB. MAJALENGKA;321023;CINGAMBUL;3210232012;CINTAASIH;2023;MAJU;3039;1527;1512;8;12;949;163;588;39;105;585;1072;945;293;428;398;0;0;677;89;0;0;3;3;40;9;227;32;0;0;0;0;0;0;3;0;1;0;0;0;0;0
24772;3210;KAB. MAJALENGKA;321023;CINGAMBUL;3210232013;MUKTISARI;2023;MAJU;2780;1429;1351;0;0;809;133;431;15;153;520;1159;749;184;165;50;0;0;280;105;48;20;5;4;59;9;121;7;0;0;0;0;0;1;2;0;2;15;12;15;12;27
24773;3210;KAB. MAJALENGKA;321024;KASOKANDEL;3210242001;JATISAWIT;2023;MAJU;2298;1155;1143;1;11;819;146;377;27;115;336;838;702;194;179;100;0;0;80;70;35;55;20;17;360;56;400;50;1;0;0;0;0;0;2;3;3;90;15;90;15;105
24774;3210;KAB. MAJALENGKA;321024;KASOKANDEL;3210242002;LEUWIKIDANG;2023;MANDIRI;4895;2472;2423;0;0;1509;223;984;58;115;444;841;1577;431;105;6;0;0;125;0;0;0;52;42;25;15;70;20;5;0;10;0;1;0;3;2;4;2077;2333;2077;2333;4410
24775;3210;KAB. MAJALENGKA;321024;KASOKANDEL;3210242003;RANJI KULON;2023;MANDIRI;7001;2975;4026;17;11;1914;836;856;202;393;1181;2814;2009;402;850;128;0;0;678;342;110;215;31;29;16;6;59;24;3;0;1;0;0;0;0;0;2;1739;2768;1739;2768;4507
24776;3210;KAB. MAJALENGKA;321024;KASOKANDEL;3210242004;RANJI WETAN;2023;MANDIRI;7124;3627;3497;0;0;2339;407;1911;70;158;595;3787;3011;258;426;0;0;0;428;0;0;0;56;1;0;177;29;0;3;0;0;0;1;0;0;0;1;3291;2570;3291;2570;5861
24777;3210;KAB. MAJALENGKA;321024;KASOKANDEL;3210242005;GUNUNGSARI;2023;MANDIRI;7516;3808;3708;0;0;2239;326;1947;73;292;1367;2832;2617;335;61;2;0;0;255;12;0;0;67;65;329;169;497;64;26;1;24;0;0;0;7;2;0;5520;707;5520;707;6227
24778;3210;KAB. MAJALENGKA;321024;KASOKANDEL;3210242006;KASOKANDEL;2023;MANDIRI;6487;3193;3294;0;0;2228;423;822;106;254;858;2401;2122;746;333;44;1;0;489;75;0;0;40;40;264;151;632;31;1;0;3;0;1;2;6;3;1;1486;2884;1486;2884;4370
24779;3210;KAB. MAJALENGKA;321024;KASOKANDEL;3210242007;GIRIMUKTI;2023;MAJU;4816;2409;2407;30;11;1612;271;350;38;268;780;1890;1509;331;254;18;0;0;383;45;113;81;11;6;32;0;388;47;1;0;4;0;2;1;2;1;2;1278;2150;1278;2150;3428
24780;3210;KAB. MAJALENGKA;321024;KASOKANDEL;3210242008;JATIMULYA;2023;MAJU;5278;2664;2614;15;10;1961;275;812;12;247;482;1265;865;247;765;241;0;0;146;24;37;56;13;7;48;25;576;114;1;0;1;0;0;0;2;0;3;1137;1265;1137;1265;2402
24781;3210;KAB. MAJALENGKA;321024;KASOKANDEL;3210242009;WANAJAYA;2023;MAJU;5060;2571;2489;7;2;1555;157;702;41;66;384;1732;2626;211;601;578;0;0;100;97;30;50;6;5;29;28;40;35;0;0;1;0;0;0;0;0;0;1721;1655;1721;1655;3376
24782;3210;KAB. MAJALENGKA;321024;KASOKANDEL;3210242010;GANDASARI;2023;MAJU;3601;1772;1829;62;25;1276;266;411;77;214;502;1311;1073;398;4;3;0;0;322;13;178;114;33;28;122;68;345;37;3;0;3;0;1;2;4;3;12;785;632;785;632;1417
24783;3210;KAB. MAJALENGKA;321025;SINDANG;3210252001;PASIRAYU;2023;MAJU;1208;588;620;1;1;426;94;142;32;68;236;472;275;124;33;6;0;0;95;19;4;6;9;5;19;4;123;1;0;0;0;0;0;0;1;0;0;0;0;0;0;0
24784;3210;KAB. MAJALENGKA;321025;SINDANG;3210252002;SINDANG;2023;MAJU;4242;2116;2126;13;12;1527;0;347;83;154;530;1728;1319;428;269;256;0;0;422;416;150;225;24;16;35;2;135;18;0;0;0;0;0;0;1;1;1;80;0;80;0;80
24785;3210;KAB. MAJALENGKA;321025;SINDANG;3210252003;GARAWASTU;2023;MAJU;2788;1731;1057;7;3;978;72;115;43;185;347;1160;815;238;137;0;0;0;134;126;20;23;7;0;74;0;409;0;1;0;0;0;0;0;1;2;1;0;0;0;0;0
24786;3210;KAB. MAJALENGKA;321025;SINDANG;3210252004;INDRAKILA;2023;MAJU;2580;1284;1296;3;10;897;0;101;45;157;329;1150;758;141;57;56;0;0;39;38;29;28;9;5;18;15;30;0;0;0;0;0;0;0;1;0;0;85;67;85;67;152
24787;3210;KAB. MAJALENGKA;321025;SINDANG;3210252005;GUNUNGKUNING;2023;MAJU;2416;1190;1226;11;7;785;25;112;32;143;382;932;805;102;350;42;0;0;86;30;14;5;2;6;40;16;300;192;0;0;1;0;1;0;1;0;1;10;3;10;3;13
24788;3210;KAB. MAJALENGKA;321025;SINDANG;3210252007;SANGKANHURIP;2023;MAJU;2338;1184;1154;34;15;822;45;330;62;181;355;648;911;181;229;10;0;0;328;56;15;20;13;7;42;30;35;15;0;0;0;0;0;0;1;1;1;5;10;5;10;15
24789;3210;KAB. MAJALENGKA;321025;SINDANG;3210252008;BAYUREJA;2023;MAJU;1834;915;919;4;0;720;0;114;47;151;335;746;499;56;410;274;0;0;32;26;0;0;6;3;63;65;79;0;3;0;2;0;0;0;4;1;1;124;0;124;0;124
24790;3210;KAB. MAJALENGKA;321026;MALAUSMA;3210262001;SUKADANA;2023;MAJU;5383;2759;2624;19;20;1305;127;889;423;517;791;1897;1254;489;814;549;0;0;1188;405;62;50;20;3;36;13;986;109;0;0;0;0;0;0;2;3;0;2780;1780;2780;1780;4560
24791;3210;KAB. MAJALENGKA;321026;MALAUSMA;3210262002;WERASARI;2023;MANDIRI;5577;2885;2692;9;16;1663;254;740;136;231;1333;2314;1387;174;568;115;0;0;62;80;78;25;15;8;67;11;884;19;2;0;1;0;0;0;2;3;2;8;9;8;9;17
24792;3210;KAB. MAJALENGKA;321026;MALAUSMA;3210262003;MALAUSMA;2023;MANDIRI;7094;3654;3440;15;23;2456;486;806;160;639;1226;3044;1623;402;634;147;0;0;345;54;65;67;26;22;127;78;816;209;0;0;1;0;0;1;5;5;4;0;0;0;0;0
24793;3210;KAB. MAJALENGKA;321026;MALAUSMA;3210262004;LEBAKWANGI;2023;MAJU;5866;2998;2868;23;25;1302;250;738;321;188;841;1965;1393;1158;352;325;0;0;767;501;82;22;9;5;12;9;430;153;0;0;0;0;0;0;2;3;3;0;0;0;0;0
24794;3210;KAB. MAJALENGKA;321026;MALAUSMA;3210262005;CIMUNCANG;2023;MAJU;6262;3215;3047;14;51;1571;60;810;23;54;945;1104;1901;577;441;300;0;0;30;0;250;120;3;3;44;10;879;147;0;0;0;0;0;1;2;0;2;0;0;0;0;0
24795;3210;KAB. MAJALENGKA;321026;MALAUSMA;3210262006;CIRANCA;2023;MAJU;4994;2482;2512;20;10;1601;800;750;139;301;873;2067;2404;624;355;87;0;0;111;25;22;12;26;5;8;61;1212;81;0;0;1;0;0;0;2;0;2;2;0;2;0;2
24796;3210;KAB. MAJALENGKA;321026;MALAUSMA;3210262007;BANYUSARI;2023;MAJU;6417;3257;3160;12;8;1642;56;810;56;561;2020;1596;1350;744;695;432;0;0;456;82;43;28;21;5;25;5;477;31;1;0;0;0;0;0;3;0;2;395;59;395;59;454
24797;3210;KAB. MAJALENGKA;321026;MALAUSMA;3210262008;BUNINAGARA;2023;MAJU;3348;1706;1642;0;0;1025;162;443;68;156;451;524;1369;780;351;143;0;0;326;163;253;0;35;14;132;87;532;115;2;0;0;0;0;0;5;4;2;18;7;18;7;25
24798;3210;KAB. MAJALENGKA;321026;MALAUSMA;3210262009;JAGAMULYA;2023;BERKEMBANG;3568;1772;1796;10;5;975;80;435;97;263;1042;1610;392;190;198;57;0;0;130;76;20;7;6;6;23;13;390;118;0;0;0;0;0;1;2;0;0;0;0;0;0;0
24799;3210;KAB. MAJALENGKA;321026;MALAUSMA;3210262010;GIRIMUKTI;2023;MAJU;3287;1684;1603;50;3;982;153;858;75;221;591;492;1311;537;1530;728;0;0;0;0;13;10;2;1;0;0;350;139;0;0;0;0;0;0;0;0;0;0;0;0;0;0
24800;3210;KAB. MAJALENGKA;321026;MALAUSMA;3210262011;KRAMAT JAYA;2023;MAJU;1654;823;831;7;2;535;107;192;20;92;315;633;515;79;82;50;0;0;15;5;15;3;5;2;1;3;330;5;1;0;0;0;0;0;0;0;0;0;0;0;0;0
